country,year,liters,value
Africa do Sul,1970,0,0
Alemanha,1970,52297,30498
Argélia,1970,0,0
Arábia Saudita,1970,0,0
Argentina,1970,19525,12260
Armênia,1970,0,0
Austrália,1970,0,0
Áustria,1970,1328,707
Bermudas,1970,0,0
Bélgica,1970,0,0
Bolívia,1970,0,0
Bósnia-Herzegovina,1970,0,0
Brasil,1970,0,0
Bulgária,1970,0,0
Canada,1970,0,0
Chile,1970,162370,101819
China,1970,0,0
"Coreia do Sul, República",1970,0,0
Croácia,1970,0,0
Emirados Árabes Unidos,1970,0,0
Eslovênia,1970,0,0
Eslováquia,1970,0,0
Espanha,1970,261126,90159
Estados Unidos,1970,0,0
França,1970,91544,78135
Geórgia,1970,0,0
"Geórgia do Sul e Sandwich do Sul, Ilhas",1970,0,0
Grécia,1970,0,0
Hong Kong,1970,0,0
Hungria,1970,0,0
Indonesia,1970,0,0
Irlanda,1970,0,0
Israel,1970,0,0
Itália,1970,58802,32376
Japão,1970,0,0
Iugoslavia,1970,702,326
Líbano,1970,0,0
Luxemburgo,1970,0,0
Macedônia,1970,0,0
Marrocos,1970,0,0
México,1970,0,0
Moldávia,1970,0,0
Montenegro,1970,0,0
Noruega,1970,0,0
Nova Zelândia,1970,0,0
Paises Baixos (Holanda),1970,0,0
Panamá,1970,0,0
Peru,1970,0,0
Porto Rico,1970,0,0
Portugal,1970,785609,531480
Reino Unido,1970,0,0
Republica Dominicana,1970,0,0
Romênia,1970,0,0
Rússia,1970,0,0
San Marino,1970,0,0
Sérvia,1970,0,0
Síria,1970,0,0
Suíça,1970,0,0
"Tcheca, República",1970,0,0
Tunísia,1970,0,0
Turquia,1970,0,0
Ucrânia,1970,0,0
Uruguai,1970,5767,1871
Não consta na tabela,1970,0,0
Não declarados,1970,0,0
Outros,1970,5508,4255
Africa do Sul,1971,0,0
Alemanha,1971,34606,26027
Argélia,1971,0,0
Arábia Saudita,1971,0,0
Argentina,1971,24942,15022
Armênia,1971,0,0
Austrália,1971,0,0
Áustria,1971,0,0
Bermudas,1971,0,0
Bélgica,1971,0,0
Bolívia,1971,0,0
Bósnia-Herzegovina,1971,0,0
Brasil,1971,0,0
Bulgária,1971,0,0
Canada,1971,0,0
Chile,1971,74406,52240
China,1971,0,0
"Coreia do Sul, República",1971,0,0
Croácia,1971,0,0
Emirados Árabes Unidos,1971,0,0
Eslovênia,1971,0,0
Eslováquia,1971,0,0
Espanha,1971,140507,50191
Estados Unidos,1971,915,190
França,1971,88714,72978
Geórgia,1971,0,0
"Geórgia do Sul e Sandwich do Sul, Ilhas",1971,0,0
Grécia,1971,0,0
Hong Kong,1971,0,0
Hungria,1971,0,0
Indonesia,1971,0,0
Irlanda,1971,0,0
Israel,1971,0,0
Itália,1971,108409,56377
Japão,1971,0,0
Iugoslavia,1971,640,375
Líbano,1971,0,0
Luxemburgo,1971,0,0
Macedônia,1971,0,0
Marrocos,1971,0,0
México,1971,0,0
Moldávia,1971,0,0
Montenegro,1971,0,0
Noruega,1971,0,0
Nova Zelândia,1971,0,0
Paises Baixos (Holanda),1971,0,0
Panamá,1971,0,0
Peru,1971,0,0
Porto Rico,1971,0,0
Portugal,1971,897310,620790
Reino Unido,1971,0,0
Republica Dominicana,1971,0,0
Romênia,1971,0,0
Rússia,1971,0,0
San Marino,1971,0,0
Sérvia,1971,0,0
Síria,1971,0,0
Suíça,1971,0,0
"Tcheca, República",1971,0,0
Tunísia,1971,0,0
Turquia,1971,0,0
Ucrânia,1971,0,0
Uruguai,1971,1917,636
Não consta na tabela,1971,0,0
Não declarados,1971,0,0
Outros,1971,77789,42028
Africa do Sul,1972,0,0
Alemanha,1972,134438,92103
Argélia,1972,0,0
Arábia Saudita,1972,0,0
Argentina,1972,104906,58137
Armênia,1972,0,0
Austrália,1972,0,0
Áustria,1972,353,520
Bermudas,1972,0,0
Bélgica,1972,0,0
Bolívia,1972,0,0
Bósnia-Herzegovina,1972,0,0
Brasil,1972,0,0
Bulgária,1972,0,0
Canada,1972,0,0
Chile,1972,161736,95654
China,1972,0,0
"Coreia do Sul, República",1972,0,0
Croácia,1972,0,0
Emirados Árabes Unidos,1972,0,0
Eslovênia,1972,0,0
Eslováquia,1972,0,0
Espanha,1972,300582,116710
Estados Unidos,1972,2156,1337
França,1972,176688,173001
Geórgia,1972,0,0
"Geórgia do Sul e Sandwich do Sul, Ilhas",1972,0,0
Grécia,1972,0,0
Hong Kong,1972,0,0
Hungria,1972,0,0
Indonesia,1972,0,0
Irlanda,1972,0,0
Israel,1972,0,0
Itália,1972,142196,96943
Japão,1972,0,0
Iugoslavia,1972,1824,1137
Líbano,1972,0,0
Luxemburgo,1972,0,0
Macedônia,1972,0,0
Marrocos,1972,0,0
México,1972,0,0
Moldávia,1972,0,0
Montenegro,1972,0,0
Noruega,1972,0,0
Nova Zelândia,1972,0,0
Paises Baixos (Holanda),1972,0,0
Panamá,1972,0,0
Peru,1972,0,0
Porto Rico,1972,0,0
Portugal,1972,1650727,1226232
Reino Unido,1972,0,0
Republica Dominicana,1972,0,0
Romênia,1972,0,0
Rússia,1972,0,0
San Marino,1972,0,0
Sérvia,1972,0,0
Síria,1972,0,0
Suíça,1972,0,0
"Tcheca, República",1972,0,0
Tunísia,1972,0,0
Turquia,1972,0,0
Ucrânia,1972,0,0
Uruguai,1972,7394,2741
Não consta na tabela,1972,0,0
Não declarados,1972,0,0
Outros,1972,79052,25032
Africa do Sul,1973,0,0
Alemanha,1973,111523,98638
Argélia,1973,0,0
Arábia Saudita,1973,0,0
Argentina,1973,116887,76121
Armênia,1973,0,0
Austrália,1973,0,0
Áustria,1973,2310,2081
Bermudas,1973,0,0
Bélgica,1973,0,0
Bolívia,1973,0,0
Bósnia-Herzegovina,1973,0,0
Brasil,1973,0,0
Bulgária,1973,0,0
Canada,1973,0,0
Chile,1973,301559,212140
China,1973,0,0
"Coreia do Sul, República",1973,0,0
Croácia,1973,0,0
Emirados Árabes Unidos,1973,0,0
Eslovênia,1973,0,0
Eslováquia,1973,0,0
Espanha,1973,226805,117135
Estados Unidos,1973,0,0
França,1973,259060,435641
Geórgia,1973,0,0
"Geórgia do Sul e Sandwich do Sul, Ilhas",1973,0,0
Grécia,1973,0,0
Hong Kong,1973,0,0
Hungria,1973,0,0
Indonesia,1973,0,0
Irlanda,1973,0,0
Israel,1973,0,0
Itália,1973,258754,186334
Japão,1973,0,0
Iugoslavia,1973,1251,813
Líbano,1973,0,0
Luxemburgo,1973,0,0
Macedônia,1973,0,0
Marrocos,1973,0,0
México,1973,0,0
Moldávia,1973,0,0
Montenegro,1973,0,0
Noruega,1973,0,0
Nova Zelândia,1973,0,0
Paises Baixos (Holanda),1973,0,0
Panamá,1973,0,0
Peru,1973,0,0
Porto Rico,1973,0,0
Portugal,1973,2818320,2238637
Reino Unido,1973,0,0
Republica Dominicana,1973,0,0
Romênia,1973,0,0
Rússia,1973,0,0
San Marino,1973,0,0
Sérvia,1973,0,0
Síria,1973,0,0
Suíça,1973,0,0
"Tcheca, República",1973,0,0
Tunísia,1973,0,0
Turquia,1973,0,0
Ucrânia,1973,0,0
Uruguai,1973,0,0
Não consta na tabela,1973,0,0
Não declarados,1973,0,0
Outros,1973,4306,5775
Africa do Sul,1974,0,0
Alemanha,1974,219173,202502
Argélia,1974,0,0
Arábia Saudita,1974,0,0
Argentina,1974,215930,167473
Armênia,1974,0,0
Austrália,1974,0,0
Áustria,1974,5301,7394
Bermudas,1974,0,0
Bélgica,1974,0,0
Bolívia,1974,0,0
Bósnia-Herzegovina,1974,0,0
Brasil,1974,0,0
Bulgária,1974,0,0
Canada,1974,0,0
Chile,1974,550691,429885
China,1974,0,0
"Coreia do Sul, República",1974,0,0
Croácia,1974,0,0
Emirados Árabes Unidos,1974,0,0
Eslovênia,1974,0,0
Eslováquia,1974,0,0
Espanha,1974,362577,215208
Estados Unidos,1974,0,0
França,1974,316584,465175
Geórgia,1974,0,0
"Geórgia do Sul e Sandwich do Sul, Ilhas",1974,0,0
Grécia,1974,0,0
Hong Kong,1974,0,0
Hungria,1974,0,0
Indonesia,1974,0,0
Irlanda,1974,0,0
Israel,1974,0,0
Itália,1974,305763,278089
Japão,1974,0,0
Iugoslavia,1974,2520,1804
Líbano,1974,0,0
Luxemburgo,1974,0,0
Macedônia,1974,0,0
Marrocos,1974,0,0
México,1974,0,0
Moldávia,1974,0,0
Montenegro,1974,0,0
Noruega,1974,0,0
Nova Zelândia,1974,0,0
Paises Baixos (Holanda),1974,0,0
Panamá,1974,0,0
Peru,1974,0,0
Porto Rico,1974,0,0
Portugal,1974,2245288,1917710
Reino Unido,1974,0,0
Republica Dominicana,1974,0,0
Romênia,1974,0,0
Rússia,1974,0,0
San Marino,1974,0,0
Sérvia,1974,0,0
Síria,1974,0,0
Suíça,1974,0,0
"Tcheca, República",1974,0,0
Tunísia,1974,0,0
Turquia,1974,0,0
Ucrânia,1974,0,0
Uruguai,1974,0,0
Não consta na tabela,1974,0,0
Não declarados,1974,0,0
Outros,1974,21501,28163
Africa do Sul,1975,0,0
Alemanha,1975,134354,149931
Argélia,1975,0,0
Arábia Saudita,1975,0,0
Argentina,1975,145823,90855
Armênia,1975,0,0
Austrália,1975,0,0
Áustria,1975,8835,5560
Bermudas,1975,0,0
Bélgica,1975,0,0
Bolívia,1975,0,0
Bósnia-Herzegovina,1975,0,0
Brasil,1975,0,0
Bulgária,1975,0,0
Canada,1975,0,0
Chile,1975,952233,764780
China,1975,0,0
"Coreia do Sul, República",1975,0,0
Croácia,1975,0,0
Emirados Árabes Unidos,1975,0,0
Eslovênia,1975,0,0
Eslováquia,1975,0,0
Espanha,1975,174608,123102
Estados Unidos,1975,965,3761
França,1975,191546,278746
Geórgia,1975,0,0
"Geórgia do Sul e Sandwich do Sul, Ilhas",1975,0,0
Grécia,1975,0,0
Hong Kong,1975,0,0
Hungria,1975,0,0
Indonesia,1975,0,0
Irlanda,1975,0,0
Israel,1975,0,0
Itália,1975,250541,244731
Japão,1975,0,0
Iugoslavia,1975,7969,5128
Líbano,1975,0,0
Luxemburgo,1975,0,0
Macedônia,1975,0,0
Marrocos,1975,0,0
México,1975,0,0
Moldávia,1975,0,0
Montenegro,1975,0,0
Noruega,1975,0,0
Nova Zelândia,1975,0,0
Paises Baixos (Holanda),1975,0,0
Panamá,1975,0,0
Peru,1975,0,0
Porto Rico,1975,0,0
Portugal,1975,2192004,1838430
Reino Unido,1975,0,0
Republica Dominicana,1975,0,0
Romênia,1975,0,0
Rússia,1975,0,0
San Marino,1975,0,0
Sérvia,1975,0,0
Síria,1975,0,0
Suíça,1975,0,0
"Tcheca, República",1975,0,0
Tunísia,1975,0,0
Turquia,1975,0,0
Ucrânia,1975,0,0
Uruguai,1975,0,0
Não consta na tabela,1975,0,0
Não declarados,1975,0,0
Outros,1975,18132,13989
Africa do Sul,1976,0,0
Alemanha,1976,168134,171308
Argélia,1976,0,0
Arábia Saudita,1976,0,0
Argentina,1976,348653,277507
Armênia,1976,0,0
Austrália,1976,0,0
Áustria,1976,0,0
Bermudas,1976,0,0
Bélgica,1976,0,0
Bolívia,1976,0,0
Bósnia-Herzegovina,1976,0,0
Brasil,1976,0,0
Bulgária,1976,0,0
Canada,1976,0,0
Chile,1976,2175650,1574474
China,1976,0,0
"Coreia do Sul, República",1976,0,0
Croácia,1976,0,0
Emirados Árabes Unidos,1976,0,0
Eslovênia,1976,0,0
Eslováquia,1976,0,0
Espanha,1976,52474,41000
Estados Unidos,1976,1800,2575
França,1976,284613,423696
Geórgia,1976,0,0
"Geórgia do Sul e Sandwich do Sul, Ilhas",1976,0,0
Grécia,1976,0,0
Hong Kong,1976,0,0
Hungria,1976,0,0
Indonesia,1976,0,0
Irlanda,1976,0,0
Israel,1976,0,0
Itália,1976,304377,276633
Japão,1976,0,0
Iugoslavia,1976,2100,1870
Líbano,1976,0,0
Luxemburgo,1976,0,0
Macedônia,1976,0,0
Marrocos,1976,0,0
México,1976,0,0
Moldávia,1976,0,0
Montenegro,1976,0,0
Noruega,1976,0,0
Nova Zelândia,1976,0,0
Paises Baixos (Holanda),1976,0,0
Panamá,1976,0,0
Peru,1976,0,0
Porto Rico,1976,0,0
Portugal,1976,2284423,1872573
Reino Unido,1976,0,0
Republica Dominicana,1976,0,0
Romênia,1976,0,0
Rússia,1976,0,0
San Marino,1976,0,0
Sérvia,1976,0,0
Síria,1976,0,0
Suíça,1976,0,0
"Tcheca, República",1976,0,0
Tunísia,1976,0,0
Turquia,1976,0,0
Ucrânia,1976,0,0
Uruguai,1976,0,0
Não consta na tabela,1976,0,0
Não declarados,1976,0,0
Outros,1976,10200,7884
Africa do Sul,1977,0,0
Alemanha,1977,160926,201840
Argélia,1977,0,0
Arábia Saudita,1977,0,0
Argentina,1977,408399,395615
Armênia,1977,0,0
Austrália,1977,0,0
Áustria,1977,0,0
Bermudas,1977,0,0
Bélgica,1977,0,0
Bolívia,1977,0,0
Bósnia-Herzegovina,1977,0,0
Brasil,1977,0,0
Bulgária,1977,0,0
Canada,1977,0,0
Chile,1977,2593464,1962448
China,1977,0,0
"Coreia do Sul, República",1977,0,0
Croácia,1977,0,0
Emirados Árabes Unidos,1977,0,0
Eslovênia,1977,0,0
Eslováquia,1977,0,0
Espanha,1977,105667,98238
Estados Unidos,1977,2250,3275
França,1977,322033,476983
Geórgia,1977,0,0
"Geórgia do Sul e Sandwich do Sul, Ilhas",1977,0,0
Grécia,1977,0,0
Hong Kong,1977,0,0
Hungria,1977,0,0
Indonesia,1977,0,0
Irlanda,1977,0,0
Israel,1977,0,0
Itália,1977,348461,349392
Japão,1977,0,0
Iugoslavia,1977,1764,1570
Líbano,1977,0,0
Luxemburgo,1977,0,0
Macedônia,1977,0,0
Marrocos,1977,0,0
México,1977,0,0
Moldávia,1977,0,0
Montenegro,1977,0,0
Noruega,1977,0,0
Nova Zelândia,1977,0,0
Paises Baixos (Holanda),1977,0,0
Panamá,1977,0,0
Peru,1977,0,0
Porto Rico,1977,0,0
Portugal,1977,2132582,1847604
Reino Unido,1977,0,0
Republica Dominicana,1977,0,0
Romênia,1977,0,0
Rússia,1977,0,0
San Marino,1977,0,0
Sérvia,1977,0,0
Síria,1977,0,0
Suíça,1977,0,0
"Tcheca, República",1977,0,0
Tunísia,1977,0,0
Turquia,1977,0,0
Ucrânia,1977,0,0
Uruguai,1977,24191,33975
Não consta na tabela,1977,0,0
Não declarados,1977,0,0
Outros,1977,450,642
Africa do Sul,1978,0,0
Alemanha,1978,437831,668631
Argélia,1978,0,0
Arábia Saudita,1978,0,0
Argentina,1978,614134,709813
Armênia,1978,0,0
Austrália,1978,0,0
Áustria,1978,600,386
Bermudas,1978,0,0
Bélgica,1978,0,0
Bolívia,1978,0,0
Bósnia-Herzegovina,1978,0,0
Brasil,1978,0,0
Bulgária,1978,0,0
Canada,1978,0,0
Chile,1978,3742918,3415769
China,1978,0,0
"Coreia do Sul, República",1978,0,0
Croácia,1978,0,0
Emirados Árabes Unidos,1978,0,0
Eslovênia,1978,0,0
Eslováquia,1978,0,0
Espanha,1978,87767,75364
Estados Unidos,1978,58050,67752
França,1978,355292,633098
Geórgia,1978,0,0
"Geórgia do Sul e Sandwich do Sul, Ilhas",1978,0,0
Grécia,1978,0,0
Hong Kong,1978,0,0
Hungria,1978,0,0
Indonesia,1978,0,0
Irlanda,1978,0,0
Israel,1978,0,0
Itália,1978,250535,268114
Japão,1978,0,0
Iugoslavia,1978,1764,1630
Líbano,1978,0,0
Luxemburgo,1978,0,0
Macedônia,1978,0,0
Marrocos,1978,0,0
México,1978,0,0
Moldávia,1978,0,0
Montenegro,1978,0,0
Noruega,1978,0,0
Nova Zelândia,1978,0,0
Paises Baixos (Holanda),1978,0,0
Panamá,1978,0,0
Peru,1978,0,0
Porto Rico,1978,0,0
Portugal,1978,2763298,2706030
Reino Unido,1978,0,0
Republica Dominicana,1978,0,0
Romênia,1978,0,0
Rússia,1978,0,0
San Marino,1978,0,0
Sérvia,1978,0,0
Síria,1978,0,0
Suíça,1978,0,0
"Tcheca, República",1978,0,0
Tunísia,1978,0,0
Turquia,1978,0,0
Ucrânia,1978,0,0
Uruguai,1978,32371,33900
Não consta na tabela,1978,0,0
Não declarados,1978,0,0
Outros,1978,1347,1210
Africa do Sul,1979,0,0
Alemanha,1979,433478,691404
Argélia,1979,0,0
Arábia Saudita,1979,0,0
Argentina,1979,646978,888941
Armênia,1979,0,0
Austrália,1979,0,0
Áustria,1979,4250,3756
Bermudas,1979,0,0
Bélgica,1979,0,0
Bolívia,1979,0,0
Bósnia-Herzegovina,1979,0,0
Brasil,1979,0,0
Bulgária,1979,0,0
Canada,1979,0,0
Chile,1979,4235991,4315227
China,1979,0,0
"Coreia do Sul, República",1979,0,0
Croácia,1979,0,0
Emirados Árabes Unidos,1979,0,0
Eslovênia,1979,0,0
Eslováquia,1979,0,0
Espanha,1979,103825,92476
Estados Unidos,1979,32400,36360
França,1979,458369,795004
Geórgia,1979,0,0
"Geórgia do Sul e Sandwich do Sul, Ilhas",1979,0,0
Grécia,1979,0,0
Hong Kong,1979,0,0
Hungria,1979,0,0
Indonesia,1979,0,0
Irlanda,1979,0,0
Israel,1979,0,0
Itália,1979,407274,562726
Japão,1979,0,0
Iugoslavia,1979,2100,2050
Líbano,1979,0,0
Luxemburgo,1979,0,0
Macedônia,1979,0,0
Marrocos,1979,0,0
México,1979,0,0
Moldávia,1979,0,0
Montenegro,1979,0,0
Noruega,1979,0,0
Nova Zelândia,1979,0,0
Paises Baixos (Holanda),1979,0,0
Panamá,1979,0,0
Peru,1979,0,0
Porto Rico,1979,0,0
Portugal,1979,2823760,3493450
Reino Unido,1979,0,0
Republica Dominicana,1979,0,0
Romênia,1979,0,0
Rússia,1979,0,0
San Marino,1979,0,0
Sérvia,1979,0,0
Síria,1979,0,0
Suíça,1979,0,0
"Tcheca, República",1979,0,0
Tunísia,1979,0,0
Turquia,1979,0,0
Ucrânia,1979,0,0
Uruguai,1979,13320,22900
Não consta na tabela,1979,0,0
Não declarados,1979,0,0
Outros,1979,2411,2614
Africa do Sul,1980,0,0
Alemanha,1980,457033,704307
Argélia,1980,0,0
Arábia Saudita,1980,0,0
Argentina,1980,298471,479464
Armênia,1980,0,0
Austrália,1980,0,0
Áustria,1980,2385,5878
Bermudas,1980,0,0
Bélgica,1980,0,0
Bolívia,1980,0,0
Bósnia-Herzegovina,1980,0,0
Brasil,1980,0,0
Bulgária,1980,0,0
Canada,1980,0,0
Chile,1980,2568586,3199365
China,1980,0,0
"Coreia do Sul, República",1980,0,0
Croácia,1980,0,0
Emirados Árabes Unidos,1980,0,0
Eslovênia,1980,0,0
Eslováquia,1980,0,0
Espanha,1980,111381,109277
Estados Unidos,1980,32400,36720
França,1980,248038,508338
Geórgia,1980,0,0
"Geórgia do Sul e Sandwich do Sul, Ilhas",1980,0,0
Grécia,1980,0,0
Hong Kong,1980,0,0
Hungria,1980,0,0
Indonesia,1980,0,0
Irlanda,1980,0,0
Israel,1980,0,0
Itália,1980,217226,283635
Japão,1980,0,0
Iugoslavia,1980,0,0
Líbano,1980,0,0
Luxemburgo,1980,0,0
Macedônia,1980,0,0
Marrocos,1980,0,0
México,1980,0,0
Moldávia,1980,0,0
Montenegro,1980,0,0
Noruega,1980,0,0
Nova Zelândia,1980,0,0
Paises Baixos (Holanda),1980,0,0
Panamá,1980,0,0
Peru,1980,0,0
Porto Rico,1980,0,0
Portugal,1980,1601931,2146952
Reino Unido,1980,0,0
Republica Dominicana,1980,0,0
Romênia,1980,0,0
Rússia,1980,0,0
San Marino,1980,0,0
Sérvia,1980,0,0
Síria,1980,0,0
Suíça,1980,0,0
"Tcheca, República",1980,0,0
Tunísia,1980,0,0
Turquia,1980,0,0
Ucrânia,1980,0,0
Uruguai,1980,8880,16800
Não consta na tabela,1980,0,0
Não declarados,1980,0,0
Outros,1980,10446,10543
Africa do Sul,1981,0,0
Alemanha,1981,707194,853830
Argélia,1981,0,0
Arábia Saudita,1981,0,0
Argentina,1981,131738,209173
Armênia,1981,0,0
Austrália,1981,0,0
Áustria,1981,0,0
Bermudas,1981,0,0
Bélgica,1981,0,0
Bolívia,1981,0,0
Bósnia-Herzegovina,1981,0,0
Brasil,1981,0,0
Bulgária,1981,0,0
Canada,1981,0,0
Chile,1981,1647720,2344875
China,1981,0,0
"Coreia do Sul, República",1981,0,0
Croácia,1981,0,0
Emirados Árabes Unidos,1981,0,0
Eslovênia,1981,0,0
Eslováquia,1981,0,0
Espanha,1981,56316,59696
Estados Unidos,1981,28350,33443
França,1981,303063,479427
Geórgia,1981,0,0
"Geórgia do Sul e Sandwich do Sul, Ilhas",1981,0,0
Grécia,1981,0,0
Hong Kong,1981,0,0
Hungria,1981,0,0
Indonesia,1981,0,0
Irlanda,1981,0,0
Israel,1981,0,0
Itália,1981,178772,222760
Japão,1981,0,0
Iugoslavia,1981,0,0
Líbano,1981,0,0
Luxemburgo,1981,0,0
Macedônia,1981,0,0
Marrocos,1981,0,0
México,1981,0,0
Moldávia,1981,0,0
Montenegro,1981,0,0
Noruega,1981,0,0
Nova Zelândia,1981,0,0
Paises Baixos (Holanda),1981,0,0
Panamá,1981,0,0
Peru,1981,0,0
Porto Rico,1981,0,0
Portugal,1981,933906,1271300
Reino Unido,1981,0,0
Republica Dominicana,1981,0,0
Romênia,1981,0,0
Rússia,1981,0,0
San Marino,1981,0,0
Sérvia,1981,0,0
Síria,1981,0,0
Suíça,1981,0,0
"Tcheca, República",1981,0,0
Tunísia,1981,0,0
Turquia,1981,0,0
Ucrânia,1981,0,0
Uruguai,1981,0,0
Não consta na tabela,1981,0,0
Não declarados,1981,0,0
Outros,1981,17133,17869
Africa do Sul,1982,0,0
Alemanha,1982,996948,1126928
Argélia,1982,0,0
Arábia Saudita,1982,0,0
Argentina,1982,191972,264487
Armênia,1982,0,0
Austrália,1982,0,0
Áustria,1982,0,0
Bermudas,1982,0,0
Bélgica,1982,0,0
Bolívia,1982,0,0
Bósnia-Herzegovina,1982,0,0
Brasil,1982,0,0
Bulgária,1982,0,0
Canada,1982,0,0
Chile,1982,786016,1124272
China,1982,0,0
"Coreia do Sul, República",1982,0,0
Croácia,1982,0,0
Emirados Árabes Unidos,1982,0,0
Eslovênia,1982,0,0
Eslováquia,1982,0,0
Espanha,1982,119748,104790
Estados Unidos,1982,40563,52983
França,1982,313977,424752
Geórgia,1982,0,0
"Geórgia do Sul e Sandwich do Sul, Ilhas",1982,0,0
Grécia,1982,0,0
Hong Kong,1982,0,0
Hungria,1982,0,0
Indonesia,1982,0,0
Irlanda,1982,0,0
Israel,1982,0,0
Itália,1982,284440,322430
Japão,1982,0,0
Iugoslavia,1982,1350,1650
Líbano,1982,0,0
Luxemburgo,1982,0,0
Macedônia,1982,0,0
Marrocos,1982,0,0
México,1982,0,0
Moldávia,1982,0,0
Montenegro,1982,0,0
Noruega,1982,0,0
Nova Zelândia,1982,0,0
Paises Baixos (Holanda),1982,0,0
Panamá,1982,0,0
Peru,1982,0,0
Porto Rico,1982,0,0
Portugal,1982,1074983,1258983
Reino Unido,1982,0,0
Republica Dominicana,1982,0,0
Romênia,1982,0,0
Rússia,1982,0,0
San Marino,1982,0,0
Sérvia,1982,0,0
Síria,1982,0,0
Suíça,1982,0,0
"Tcheca, República",1982,0,0
Tunísia,1982,0,0
Turquia,1982,0,0
Ucrânia,1982,0,0
Uruguai,1982,0,0
Não consta na tabela,1982,0,0
Não declarados,1982,0,0
Outros,1982,22104,30505
Africa do Sul,1983,0,0
Alemanha,1983,850055,908380
Argélia,1983,0,0
Arábia Saudita,1983,0,0
Argentina,1983,132634,188625
Armênia,1983,0,0
Austrália,1983,0,0
Áustria,1983,8400,7581
Bermudas,1983,0,0
Bélgica,1983,0,0
Bolívia,1983,0,0
Bósnia-Herzegovina,1983,0,0
Brasil,1983,0,0
Bulgária,1983,0,0
Canada,1983,0,0
Chile,1983,598657,781217
China,1983,0,0
"Coreia do Sul, República",1983,0,0
Croácia,1983,0,0
Emirados Árabes Unidos,1983,0,0
Eslovênia,1983,0,0
Eslováquia,1983,0,0
Espanha,1983,65961,60450
Estados Unidos,1983,21654,24570
França,1983,267008,329128
Geórgia,1983,0,0
"Geórgia do Sul e Sandwich do Sul, Ilhas",1983,0,0
Grécia,1983,0,0
Hong Kong,1983,0,0
Hungria,1983,0,0
Indonesia,1983,0,0
Irlanda,1983,0,0
Israel,1983,0,0
Itália,1983,266333,308260
Japão,1983,0,0
Iugoslavia,1983,0,0
Líbano,1983,0,0
Luxemburgo,1983,0,0
Macedônia,1983,0,0
Marrocos,1983,0,0
México,1983,0,0
Moldávia,1983,0,0
Montenegro,1983,0,0
Noruega,1983,0,0
Nova Zelândia,1983,0,0
Paises Baixos (Holanda),1983,0,0
Panamá,1983,0,0
Peru,1983,0,0
Porto Rico,1983,0,0
Portugal,1983,1189656,1338370
Reino Unido,1983,0,0
Republica Dominicana,1983,0,0
Romênia,1983,0,0
Rússia,1983,0,0
San Marino,1983,0,0
Sérvia,1983,0,0
Síria,1983,0,0
Suíça,1983,0,0
"Tcheca, República",1983,0,0
Tunísia,1983,0,0
Turquia,1983,0,0
Ucrânia,1983,0,0
Uruguai,1983,0,0
Não consta na tabela,1983,0,0
Não declarados,1983,0,0
Outros,1983,6738,5862
Africa do Sul,1984,0,0
Alemanha,1984,586645,564129
Argélia,1984,0,0
Arábia Saudita,1984,0,0
Argentina,1984,42438,64603
Armênia,1984,0,0
Austrália,1984,0,0
Áustria,1984,0,0
Bermudas,1984,0,0
Bélgica,1984,0,0
Bolívia,1984,0,0
Bósnia-Herzegovina,1984,0,0
Brasil,1984,0,0
Bulgária,1984,0,0
Canada,1984,0,0
Chile,1984,490217,527176
China,1984,0,0
"Coreia do Sul, República",1984,0,0
Croácia,1984,0,0
Emirados Árabes Unidos,1984,0,0
Eslovênia,1984,0,0
Eslováquia,1984,0,0
Espanha,1984,7200,8421
Estados Unidos,1984,0,0
França,1984,117087,138156
Geórgia,1984,0,0
"Geórgia do Sul e Sandwich do Sul, Ilhas",1984,0,0
Grécia,1984,0,0
Hong Kong,1984,0,0
Hungria,1984,0,0
Indonesia,1984,0,0
Irlanda,1984,0,0
Israel,1984,0,0
Itália,1984,132321,141201
Japão,1984,0,0
Iugoslavia,1984,0,0
Líbano,1984,0,0
Luxemburgo,1984,0,0
Macedônia,1984,0,0
Marrocos,1984,0,0
México,1984,0,0
Moldávia,1984,0,0
Montenegro,1984,0,0
Noruega,1984,0,0
Nova Zelândia,1984,0,0
Paises Baixos (Holanda),1984,0,0
Panamá,1984,0,0
Peru,1984,0,0
Porto Rico,1984,0,0
Portugal,1984,536706,531515
Reino Unido,1984,0,0
Republica Dominicana,1984,0,0
Romênia,1984,0,0
Rússia,1984,0,0
San Marino,1984,0,0
Sérvia,1984,0,0
Síria,1984,0,0
Suíça,1984,0,0
"Tcheca, República",1984,0,0
Tunísia,1984,0,0
Turquia,1984,0,0
Ucrânia,1984,0,0
Uruguai,1984,0,0
Não consta na tabela,1984,0,0
Não declarados,1984,0,0
Outros,1984,26490,34499
Africa do Sul,1985,0,0
Alemanha,1985,1069717,1122438
Argélia,1985,0,0
Arábia Saudita,1985,0,0
Argentina,1985,114570,164424
Armênia,1985,0,0
Austrália,1985,0,0
Áustria,1985,11830,5016
Bermudas,1985,0,0
Bélgica,1985,0,0
Bolívia,1985,0,0
Bósnia-Herzegovina,1985,0,0
Brasil,1985,0,0
Bulgária,1985,0,0
Canada,1985,0,0
Chile,1985,1114665,1195151
China,1985,0,0
"Coreia do Sul, República",1985,0,0
Croácia,1985,0,0
Emirados Árabes Unidos,1985,0,0
Eslovênia,1985,0,0
Eslováquia,1985,0,0
Espanha,1985,61924,59833
Estados Unidos,1985,11025,15805
França,1985,540136,735516
Geórgia,1985,0,0
"Geórgia do Sul e Sandwich do Sul, Ilhas",1985,0,0
Grécia,1985,0,0
Hong Kong,1985,0,0
Hungria,1985,0,0
Indonesia,1985,0,0
Irlanda,1985,0,0
Israel,1985,0,0
Itália,1985,327976,385365
Japão,1985,0,0
Iugoslavia,1985,14238,11619
Líbano,1985,0,0
Luxemburgo,1985,0,0
Macedônia,1985,0,0
Marrocos,1985,0,0
México,1985,0,0
Moldávia,1985,0,0
Montenegro,1985,0,0
Noruega,1985,0,0
Nova Zelândia,1985,0,0
Paises Baixos (Holanda),1985,0,0
Panamá,1985,0,0
Peru,1985,0,0
Porto Rico,1985,0,0
Portugal,1985,1484998,1406897
Reino Unido,1985,0,0
Republica Dominicana,1985,0,0
Romênia,1985,0,0
Rússia,1985,0,0
San Marino,1985,0,0
Sérvia,1985,0,0
Síria,1985,0,0
Suíça,1985,0,0
"Tcheca, República",1985,0,0
Tunísia,1985,0,0
Turquia,1985,0,0
Ucrânia,1985,0,0
Uruguai,1985,0,0
Não consta na tabela,1985,0,0
Não declarados,1985,0,0
Outros,1985,5400,12812
Africa do Sul,1986,0,0
Alemanha,1986,2357113,3008737
Argélia,1986,0,0
Arábia Saudita,1986,0,0
Argentina,1986,170413,242678
Armênia,1986,0,0
Austrália,1986,0,0
Áustria,1986,1740,3508
Bermudas,1986,0,0
Bélgica,1986,0,0
Bolívia,1986,0,0
Bósnia-Herzegovina,1986,0,0
Brasil,1986,0,0
Bulgária,1986,0,0
Canada,1986,0,0
Chile,1986,1347894,1416109
China,1986,0,0
"Coreia do Sul, República",1986,0,0
Croácia,1986,0,0
Emirados Árabes Unidos,1986,0,0
Eslovênia,1986,0,0
Eslováquia,1986,0,0
Espanha,1986,52429,61130
Estados Unidos,1986,5796,9218
França,1986,625421,980754
Geórgia,1986,0,0
"Geórgia do Sul e Sandwich do Sul, Ilhas",1986,0,0
Grécia,1986,0,0
Hong Kong,1986,0,0
Hungria,1986,0,0
Indonesia,1986,0,0
Irlanda,1986,0,0
Israel,1986,0,0
Itália,1986,430029,601494
Japão,1986,0,0
Iugoslavia,1986,0,0
Líbano,1986,0,0
Luxemburgo,1986,0,0
Macedônia,1986,0,0
Marrocos,1986,0,0
México,1986,0,0
Moldávia,1986,0,0
Montenegro,1986,0,0
Noruega,1986,0,0
Nova Zelândia,1986,0,0
Paises Baixos (Holanda),1986,0,0
Panamá,1986,0,0
Peru,1986,0,0
Porto Rico,1986,0,0
Portugal,1986,2270772,2258643
Reino Unido,1986,0,0
Republica Dominicana,1986,0,0
Romênia,1986,0,0
Rússia,1986,0,0
San Marino,1986,0,0
Sérvia,1986,0,0
Síria,1986,0,0
Suíça,1986,0,0
"Tcheca, República",1986,0,0
Tunísia,1986,0,0
Turquia,1986,0,0
Ucrânia,1986,0,0
Uruguai,1986,0,0
Não consta na tabela,1986,0,0
Não declarados,1986,0,0
Outros,1986,15717,18768
Africa do Sul,1987,0,0
Alemanha,1987,1307519,1863924
Argélia,1987,0,0
Arábia Saudita,1987,0,0
Argentina,1987,98854,136841
Armênia,1987,0,0
Austrália,1987,0,0
Áustria,1987,2520,7650
Bermudas,1987,0,0
Bélgica,1987,0,0
Bolívia,1987,0,0
Bósnia-Herzegovina,1987,0,0
Brasil,1987,0,0
Bulgária,1987,0,0
Canada,1987,0,0
Chile,1987,914549,1008445
China,1987,0,0
"Coreia do Sul, República",1987,0,0
Croácia,1987,0,0
Emirados Árabes Unidos,1987,0,0
Eslovênia,1987,0,0
Eslováquia,1987,0,0
Espanha,1987,71472,101606
Estados Unidos,1987,16517,17965
França,1987,340250,653846
Geórgia,1987,0,0
"Geórgia do Sul e Sandwich do Sul, Ilhas",1987,0,0
Grécia,1987,0,0
Hong Kong,1987,0,0
Hungria,1987,0,0
Indonesia,1987,0,0
Irlanda,1987,0,0
Israel,1987,0,0
Itália,1987,306950,467597
Japão,1987,0,0
Iugoslavia,1987,17835,14390
Líbano,1987,0,0
Luxemburgo,1987,0,0
Macedônia,1987,0,0
Marrocos,1987,0,0
México,1987,0,0
Moldávia,1987,0,0
Montenegro,1987,0,0
Noruega,1987,0,0
Nova Zelândia,1987,0,0
Paises Baixos (Holanda),1987,0,0
Panamá,1987,0,0
Peru,1987,0,0
Porto Rico,1987,0,0
Portugal,1987,1477093,1610041
Reino Unido,1987,0,0
Republica Dominicana,1987,0,0
Romênia,1987,0,0
Rússia,1987,0,0
San Marino,1987,0,0
Sérvia,1987,0,0
Síria,1987,0,0
Suíça,1987,0,0
"Tcheca, República",1987,0,0
Tunísia,1987,0,0
Turquia,1987,0,0
Ucrânia,1987,0,0
Uruguai,1987,0,0
Não consta na tabela,1987,0,0
Não declarados,1987,0,0
Outros,1987,28,40
Africa do Sul,1988,0,0
Alemanha,1988,2029271,2757417
Argélia,1988,0,0
Arábia Saudita,1988,0,0
Argentina,1988,414931,590758
Armênia,1988,0,0
Austrália,1988,0,0
Áustria,1988,1800,7045
Bermudas,1988,0,0
Bélgica,1988,0,0
Bolívia,1988,0,0
Bósnia-Herzegovina,1988,0,0
Brasil,1988,0,0
Bulgária,1988,0,0
Canada,1988,0,0
Chile,1988,1240065,1474473
China,1988,0,0
"Coreia do Sul, República",1988,0,0
Croácia,1988,0,0
Emirados Árabes Unidos,1988,0,0
Eslovênia,1988,0,0
Eslováquia,1988,0,0
Espanha,1988,67339,108259
Estados Unidos,1988,6120,7880
França,1988,435573,724549
Geórgia,1988,0,0
"Geórgia do Sul e Sandwich do Sul, Ilhas",1988,0,0
Grécia,1988,0,0
Hong Kong,1988,0,0
Hungria,1988,0,0
Indonesia,1988,0,0
Irlanda,1988,0,0
Israel,1988,0,0
Itália,1988,410419,703116
Japão,1988,0,0
Iugoslavia,1988,20160,17700
Líbano,1988,0,0
Luxemburgo,1988,0,0
Macedônia,1988,0,0
Marrocos,1988,0,0
México,1988,0,0
Moldávia,1988,0,0
Montenegro,1988,0,0
Noruega,1988,0,0
Nova Zelândia,1988,0,0
Paises Baixos (Holanda),1988,0,0
Panamá,1988,0,0
Peru,1988,0,0
Porto Rico,1988,0,0
Portugal,1988,1454323,1884873
Reino Unido,1988,0,0
Republica Dominicana,1988,0,0
Romênia,1988,0,0
Rússia,1988,0,0
San Marino,1988,0,0
Sérvia,1988,0,0
Síria,1988,0,0
Suíça,1988,0,0
"Tcheca, República",1988,0,0
Tunísia,1988,0,0
Turquia,1988,0,0
Ucrânia,1988,0,0
Uruguai,1988,0,0
Não consta na tabela,1988,0,0
Não declarados,1988,0,0
Outros,1988,435,450
Africa do Sul,1989,0,0
Alemanha,1989,2885143,4074739
Argélia,1989,0,0
Arábia Saudita,1989,0,0
Argentina,1989,716062,1153585
Armênia,1989,0,0
Austrália,1989,0,0
Áustria,1989,0,0
Bermudas,1989,0,0
Bélgica,1989,0,0
Bolívia,1989,0,0
Bósnia-Herzegovina,1989,0,0
Brasil,1989,0,0
Bulgária,1989,0,0
Canada,1989,0,0
Chile,1989,2020687,2675722
China,1989,0,0
"Coreia do Sul, República",1989,0,0
Croácia,1989,0,0
Emirados Árabes Unidos,1989,0,0
Eslovênia,1989,0,0
Eslováquia,1989,0,0
Espanha,1989,54954,130171
Estados Unidos,1989,14400,53390
França,1989,701300,1422973
Geórgia,1989,0,0
"Geórgia do Sul e Sandwich do Sul, Ilhas",1989,0,0
Grécia,1989,0,0
Hong Kong,1989,0,0
Hungria,1989,0,0
Indonesia,1989,0,0
Irlanda,1989,0,0
Israel,1989,0,0
Itália,1989,750290,1341632
Japão,1989,0,0
Iugoslavia,1989,17100,19150
Líbano,1989,0,0
Luxemburgo,1989,0,0
Macedônia,1989,0,0
Marrocos,1989,0,0
México,1989,0,0
Moldávia,1989,0,0
Montenegro,1989,0,0
Noruega,1989,0,0
Nova Zelândia,1989,0,0
Paises Baixos (Holanda),1989,0,0
Panamá,1989,0,0
Peru,1989,0,0
Porto Rico,1989,0,0
Portugal,1989,1690391,2924935
Reino Unido,1989,0,0
Republica Dominicana,1989,0,0
Romênia,1989,0,0
Rússia,1989,0,0
San Marino,1989,0,0
Sérvia,1989,0,0
Síria,1989,0,0
Suíça,1989,0,0
"Tcheca, República",1989,0,0
Tunísia,1989,0,0
Turquia,1989,0,0
Ucrânia,1989,0,0
Uruguai,1989,0,0
Não consta na tabela,1989,0,0
Não declarados,1989,0,0
Outros,1989,10788,21458
Africa do Sul,1990,0,0
Alemanha,1990,3342223,5875679
Argélia,1990,0,0
Arábia Saudita,1990,0,0
Argentina,1990,455774,721398
Armênia,1990,0,0
Austrália,1990,0,0
Áustria,1990,0,0
Bermudas,1990,0,0
Bélgica,1990,0,0
Bolívia,1990,0,0
Bósnia-Herzegovina,1990,0,0
Brasil,1990,0,0
Bulgária,1990,0,0
Canada,1990,0,0
Chile,1990,1530497,2034195
China,1990,0,0
"Coreia do Sul, República",1990,0,0
Croácia,1990,0,0
Emirados Árabes Unidos,1990,0,0
Eslovênia,1990,0,0
Eslováquia,1990,0,0
Espanha,1990,132157,503357
Estados Unidos,1990,27900,142509
França,1990,479460,1807082
Geórgia,1990,0,0
"Geórgia do Sul e Sandwich do Sul, Ilhas",1990,0,0
Grécia,1990,0,0
Hong Kong,1990,0,0
Hungria,1990,0,0
Indonesia,1990,0,0
Irlanda,1990,0,0
Israel,1990,0,0
Itália,1990,497616,1284638
Japão,1990,0,0
Iugoslavia,1990,38640,44100
Líbano,1990,0,0
Luxemburgo,1990,0,0
Macedônia,1990,0,0
Marrocos,1990,0,0
México,1990,0,0
Moldávia,1990,0,0
Montenegro,1990,0,0
Noruega,1990,0,0
Nova Zelândia,1990,0,0
Paises Baixos (Holanda),1990,0,0
Panamá,1990,0,0
Peru,1990,0,0
Porto Rico,1990,0,0
Portugal,1990,1423882,2793037
Reino Unido,1990,0,0
Republica Dominicana,1990,0,0
Romênia,1990,0,0
Rússia,1990,0,0
San Marino,1990,0,0
Sérvia,1990,0,0
Síria,1990,0,0
Suíça,1990,0,0
"Tcheca, República",1990,0,0
Tunísia,1990,0,0
Turquia,1990,0,0
Ucrânia,1990,0,0
Uruguai,1990,0,0
Não consta na tabela,1990,0,0
Não declarados,1990,0,0
Outros,1990,65835,145083
Africa do Sul,1991,0,0
Alemanha,1991,3096425,4545305
Argélia,1991,0,0
Arábia Saudita,1991,0,0
Argentina,1991,852441,1493649
Armênia,1991,0,0
Austrália,1991,0,0
Áustria,1991,6180,21658
Bermudas,1991,0,0
Bélgica,1991,0,0
Bolívia,1991,0,0
Bósnia-Herzegovina,1991,0,0
Brasil,1991,0,0
Bulgária,1991,0,0
Canada,1991,0,0
Chile,1991,1424430,1869655
China,1991,0,0
"Coreia do Sul, República",1991,0,0
Croácia,1991,0,0
Emirados Árabes Unidos,1991,0,0
Eslovênia,1991,0,0
Eslováquia,1991,0,0
Espanha,1991,52892,169698
Estados Unidos,1991,25655,62170
França,1991,503488,1870305
Geórgia,1991,0,0
"Geórgia do Sul e Sandwich do Sul, Ilhas",1991,0,0
Grécia,1991,0,0
Hong Kong,1991,0,0
Hungria,1991,0,0
Indonesia,1991,0,0
Irlanda,1991,0,0
Israel,1991,0,0
Itália,1991,566035,1331248
Japão,1991,0,0
Iugoslavia,1991,25650,31825
Líbano,1991,0,0
Luxemburgo,1991,0,0
Macedônia,1991,0,0
Marrocos,1991,0,0
México,1991,0,0
Moldávia,1991,0,0
Montenegro,1991,0,0
Noruega,1991,0,0
Nova Zelândia,1991,0,0
Paises Baixos (Holanda),1991,0,0
Panamá,1991,0,0
Peru,1991,0,0
Porto Rico,1991,0,0
Portugal,1991,1361858,2525520
Reino Unido,1991,0,0
Republica Dominicana,1991,0,0
Romênia,1991,0,0
Rússia,1991,0,0
San Marino,1991,0,0
Sérvia,1991,0,0
Síria,1991,0,0
Suíça,1991,0,0
"Tcheca, República",1991,0,0
Tunísia,1991,0,0
Turquia,1991,0,0
Ucrânia,1991,0,0
Uruguai,1991,0,0
Não consta na tabela,1991,0,0
Não declarados,1991,0,0
Outros,1991,97662,161151
Africa do Sul,1992,0,0
Alemanha,1992,2515557,3644055
Argélia,1992,0,0
Arábia Saudita,1992,0,0
Argentina,1992,444896,815668
Armênia,1992,0,0
Austrália,1992,0,0
Áustria,1992,0,0
Bermudas,1992,0,0
Bélgica,1992,20700,30575
Bolívia,1992,0,0
Bósnia-Herzegovina,1992,0,0
Brasil,1992,0,0
Bulgária,1992,0,0
Canada,1992,0,0
Chile,1992,1073114,1421889
China,1992,0,0
"Coreia do Sul, República",1992,0,0
Croácia,1992,0,0
Emirados Árabes Unidos,1992,0,0
Eslovênia,1992,0,0
Eslováquia,1992,0,0
Espanha,1992,51921,144087
Estados Unidos,1992,16836,44552
França,1992,356417,888246
Geórgia,1992,0,0
"Geórgia do Sul e Sandwich do Sul, Ilhas",1992,0,0
Grécia,1992,0,0
Hong Kong,1992,0,0
Hungria,1992,0,0
Indonesia,1992,0,0
Irlanda,1992,0,0
Israel,1992,0,0
Itália,1992,540439,1307032
Japão,1992,0,0
Iugoslavia,1992,25596,31968
Líbano,1992,0,0
Luxemburgo,1992,0,0
Macedônia,1992,0,0
Marrocos,1992,0,0
México,1992,0,0
Moldávia,1992,0,0
Montenegro,1992,0,0
Noruega,1992,0,0
Nova Zelândia,1992,0,0
Paises Baixos (Holanda),1992,0,0
Panamá,1992,0,0
Peru,1992,0,0
Porto Rico,1992,0,0
Portugal,1992,1034446,1792170
Reino Unido,1992,0,0
Republica Dominicana,1992,0,0
Romênia,1992,0,0
Rússia,1992,0,0
San Marino,1992,0,0
Sérvia,1992,0,0
Síria,1992,0,0
Suíça,1992,0,0
"Tcheca, República",1992,0,0
Tunísia,1992,0,0
Turquia,1992,0,0
Ucrânia,1992,0,0
Uruguai,1992,11247,21795
Não consta na tabela,1992,0,0
Não declarados,1992,0,0
Outros,1992,24465,59352
Africa do Sul,1993,0,0
Alemanha,1993,5721360,7155615
Argélia,1993,0,0
Arábia Saudita,1993,0,0
Argentina,1993,359542,795068
Armênia,1993,0,0
Austrália,1993,0,0
Áustria,1993,3580,5128
Bermudas,1993,0,0
Bélgica,1993,882,1391
Bolívia,1993,0,0
Bósnia-Herzegovina,1993,0,0
Brasil,1993,0,0
Bulgária,1993,0,0
Canada,1993,0,0
Chile,1993,1633996,2655683
China,1993,0,0
"Coreia do Sul, República",1993,0,0
Croácia,1993,0,0
Emirados Árabes Unidos,1993,0,0
Eslovênia,1993,0,0
Eslováquia,1993,0,0
Espanha,1993,48534,128664
Estados Unidos,1993,77914,177471
França,1993,924323,2132215
Geórgia,1993,0,0
"Geórgia do Sul e Sandwich do Sul, Ilhas",1993,0,0
Grécia,1993,0,0
Hong Kong,1993,0,0
Hungria,1993,0,0
Indonesia,1993,0,0
Irlanda,1993,0,0
Israel,1993,0,0
Itália,1993,1333424,2404136
Japão,1993,0,0
Iugoslavia,1993,8550,10500
Líbano,1993,0,0
Luxemburgo,1993,0,0
Macedônia,1993,0,0
Marrocos,1993,0,0
México,1993,0,0
Moldávia,1993,0,0
Montenegro,1993,0,0
Noruega,1993,0,0
Nova Zelândia,1993,0,0
Paises Baixos (Holanda),1993,0,0
Panamá,1993,0,0
Peru,1993,0,0
Porto Rico,1993,0,0
Portugal,1993,1678448,2873315
Reino Unido,1993,0,0
Republica Dominicana,1993,0,0
Romênia,1993,0,0
Rússia,1993,0,0
San Marino,1993,0,0
Sérvia,1993,0,0
Síria,1993,0,0
Suíça,1993,0,0
"Tcheca, República",1993,0,0
Tunísia,1993,0,0
Turquia,1993,0,0
Ucrânia,1993,0,0
Uruguai,1993,33040,69221
Não consta na tabela,1993,0,0
Não declarados,1993,0,0
Outros,1993,146730,412893
Africa do Sul,1994,0,0
Alemanha,1994,11047710,16068528
Argélia,1994,0,0
Arábia Saudita,1994,0,0
Argentina,1994,446315,730091
Armênia,1994,0,0
Austrália,1994,0,0
Áustria,1994,910,5612
Bermudas,1994,0,0
Bélgica,1994,0,0
Bolívia,1994,0,0
Bósnia-Herzegovina,1994,0,0
Brasil,1994,0,0
Bulgária,1994,0,0
Canada,1994,0,0
Chile,1994,2347724,3822138
China,1994,0,0
"Coreia do Sul, República",1994,0,0
Croácia,1994,0,0
Emirados Árabes Unidos,1994,0,0
Eslovênia,1994,0,0
Eslováquia,1994,0,0
Espanha,1994,166267,362863
Estados Unidos,1994,93789,212884
França,1994,1821215,3935308
Geórgia,1994,0,0
"Geórgia do Sul e Sandwich do Sul, Ilhas",1994,0,0
Grécia,1994,0,0
Hong Kong,1994,0,0
Hungria,1994,0,0
Indonesia,1994,0,0
Irlanda,1994,0,0
Israel,1994,0,0
Itália,1994,2745848,5058009
Japão,1994,0,0
Iugoslavia,1994,25920,36000
Líbano,1994,0,0
Luxemburgo,1994,0,0
Macedônia,1994,0,0
Marrocos,1994,0,0
México,1994,0,0
Moldávia,1994,0,0
Montenegro,1994,0,0
Noruega,1994,0,0
Nova Zelândia,1994,0,0
Paises Baixos (Holanda),1994,0,0
Panamá,1994,0,0
Peru,1994,0,0
Porto Rico,1994,0,0
Portugal,1994,2549247,4471214
Reino Unido,1994,0,0
Republica Dominicana,1994,0,0
Romênia,1994,0,0
Rússia,1994,0,0
San Marino,1994,0,0
Sérvia,1994,0,0
Síria,1994,0,0
Suíça,1994,0,0
"Tcheca, República",1994,0,0
Tunísia,1994,0,0
Turquia,1994,0,0
Ucrânia,1994,0,0
Uruguai,1994,35219,72528
Não consta na tabela,1994,0,0
Não declarados,1994,0,0
Outros,1994,174758,289230
Africa do Sul,1995,0,0
Alemanha,1995,11919346,19758144
Argélia,1995,0,0
Arábia Saudita,1995,0,0
Argentina,1995,1397904,1992083
Armênia,1995,0,0
Austrália,1995,0,0
Áustria,1995,1080,6205
Bermudas,1995,0,0
Bélgica,1995,0,0
Bolívia,1995,0,0
Bósnia-Herzegovina,1995,0,0
Brasil,1995,0,0
Bulgária,1995,0,0
Canada,1995,0,0
Chile,1995,2622381,4165531
China,1995,0,0
"Coreia do Sul, República",1995,0,0
Croácia,1995,0,0
Emirados Árabes Unidos,1995,0,0
Eslovênia,1995,0,0
Eslováquia,1995,0,0
Espanha,1995,385466,669208
Estados Unidos,1995,142331,313916
França,1995,2043172,5026251
Geórgia,1995,0,0
"Geórgia do Sul e Sandwich do Sul, Ilhas",1995,0,0
Grécia,1995,0,0
Hong Kong,1995,0,0
Hungria,1995,0,0
Indonesia,1995,0,0
Irlanda,1995,0,0
Israel,1995,0,0
Itália,1995,3859353,7542440
Japão,1995,0,0
Iugoslavia,1995,51840,81408
Líbano,1995,0,0
Luxemburgo,1995,0,0
Macedônia,1995,0,0
Marrocos,1995,0,0
México,1995,0,0
Moldávia,1995,0,0
Montenegro,1995,0,0
Noruega,1995,0,0
Nova Zelândia,1995,0,0
Paises Baixos (Holanda),1995,0,0
Panamá,1995,0,0
Peru,1995,0,0
Porto Rico,1995,0,0
Portugal,1995,5442249,10703599
Reino Unido,1995,0,0
Republica Dominicana,1995,0,0
Romênia,1995,0,0
Rússia,1995,0,0
San Marino,1995,0,0
Sérvia,1995,0,0
Síria,1995,0,0
Suíça,1995,0,0
"Tcheca, República",1995,0,0
Tunísia,1995,0,0
Turquia,1995,0,0
Ucrânia,1995,0,0
Uruguai,1995,33150,73695
Não consta na tabela,1995,0,0
Não declarados,1995,0,0
Outros,1995,200336,393140
Africa do Sul,1996,0,0
Alemanha,1996,8680860,10629243
Argélia,1996,0,0
Arábia Saudita,1996,0,0
Argentina,1996,779008,1438076
Armênia,1996,0,0
Austrália,1996,0,0
Áustria,1996,0,0
Bermudas,1996,0,0
Bélgica,1996,0,0
Bolívia,1996,0,0
Bósnia-Herzegovina,1996,0,0
Brasil,1996,0,0
Bulgária,1996,0,0
Canada,1996,0,0
Chile,1996,1964361,3273873
China,1996,0,0
"Coreia do Sul, República",1996,0,0
Croácia,1996,0,0
Emirados Árabes Unidos,1996,0,0
Eslovênia,1996,0,0
Eslováquia,1996,0,0
Espanha,1996,510076,939905
Estados Unidos,1996,275864,454266
França,1996,1917908,4370132
Geórgia,1996,0,0
"Geórgia do Sul e Sandwich do Sul, Ilhas",1996,0,0
Grécia,1996,0,0
Hong Kong,1996,0,0
Hungria,1996,0,0
Indonesia,1996,0,0
Irlanda,1996,0,0
Israel,1996,0,0
Itália,1996,3771901,8178592
Japão,1996,0,0
Iugoslavia,1996,0,0
Líbano,1996,0,0
Luxemburgo,1996,0,0
Macedônia,1996,0,0
Marrocos,1996,0,0
México,1996,0,0
Moldávia,1996,0,0
Montenegro,1996,0,0
Noruega,1996,0,0
Nova Zelândia,1996,0,0
Paises Baixos (Holanda),1996,0,0
Panamá,1996,0,0
Peru,1996,0,0
Porto Rico,1996,0,0
Portugal,1996,4438522,9226840
Reino Unido,1996,0,0
Republica Dominicana,1996,0,0
Romênia,1996,0,0
Rússia,1996,0,0
San Marino,1996,0,0
Sérvia,1996,0,0
Síria,1996,0,0
Suíça,1996,0,0
"Tcheca, República",1996,0,0
Tunísia,1996,0,0
Turquia,1996,0,0
Ucrânia,1996,0,0
Uruguai,1996,72000,164299
Não consta na tabela,1996,63755,148879
Não declarados,1996,21185,26664
Outros,1996,127039,295772
Africa do Sul,1997,0,0
Alemanha,1997,4867017,5108215
Argélia,1997,0,0
Arábia Saudita,1997,0,0
Argentina,1997,1013306,2089559
Armênia,1997,0,0
Austrália,1997,0,0
Áustria,1997,4404,10594
Bermudas,1997,0,0
Bélgica,1997,13791,95375
Bolívia,1997,0,0
Bósnia-Herzegovina,1997,0,0
Brasil,1997,0,0
Bulgária,1997,0,0
Canada,1997,0,0
Chile,1997,2951870,5453225
China,1997,0,0
"Coreia do Sul, República",1997,0,0
Croácia,1997,0,0
Emirados Árabes Unidos,1997,0,0
Eslovênia,1997,0,0
Eslováquia,1997,0,0
Espanha,1997,352213,1142017
Estados Unidos,1997,511333,1122364
França,1997,3388528,8771794
Geórgia,1997,0,0
"Geórgia do Sul e Sandwich do Sul, Ilhas",1997,0,0
Grécia,1997,0,0
Hong Kong,1997,0,0
Hungria,1997,0,0
Indonesia,1997,0,0
Irlanda,1997,0,0
Israel,1997,0,0
Itália,1997,5203832,11182645
Japão,1997,0,0
Iugoslavia,1997,0,0
Líbano,1997,0,0
Luxemburgo,1997,0,0
Macedônia,1997,0,0
Marrocos,1997,0,0
México,1997,0,0
Moldávia,1997,0,0
Montenegro,1997,0,0
Noruega,1997,0,0
Nova Zelândia,1997,0,0
Paises Baixos (Holanda),1997,0,0
Panamá,1997,0,0
Peru,1997,0,0
Porto Rico,1997,0,0
Portugal,1997,5421763,12467340
Reino Unido,1997,0,0
Republica Dominicana,1997,0,0
Romênia,1997,0,0
Rússia,1997,0,0
San Marino,1997,0,0
Sérvia,1997,0,0
Síria,1997,0,0
Suíça,1997,0,0
"Tcheca, República",1997,0,0
Tunísia,1997,0,0
Turquia,1997,0,0
Ucrânia,1997,0,0
Uruguai,1997,89117,209952
Não consta na tabela,1997,0,0
Não declarados,1997,0,0
Outros,1997,186470,548733
Africa do Sul,1998,0,0
Alemanha,1998,3014081,4834030
Argélia,1998,0,0
Arábia Saudita,1998,0,0
Argentina,1998,1295190,3073775
Armênia,1998,0,0
Austrália,1998,0,0
Áustria,1998,8926,59378
Bermudas,1998,0,0
Bélgica,1998,9363,40899
Bolívia,1998,0,0
Bósnia-Herzegovina,1998,0,0
Brasil,1998,0,0
Bulgária,1998,0,0
Canada,1998,0,0
Chile,1998,3203054,6005098
China,1998,0,0
"Coreia do Sul, República",1998,0,0
Croácia,1998,0,0
Emirados Árabes Unidos,1998,0,0
Eslovênia,1998,0,0
Eslováquia,1998,0,0
Espanha,1998,370580,1328280
Estados Unidos,1998,381199,885162
França,1998,3853865,12027414
Geórgia,1998,0,0
"Geórgia do Sul e Sandwich do Sul, Ilhas",1998,0,0
Grécia,1998,0,0
Hong Kong,1998,0,0
Hungria,1998,0,0
Indonesia,1998,0,0
Irlanda,1998,0,0
Israel,1998,0,0
Itália,1998,5481659,12837955
Japão,1998,0,0
Iugoslavia,1998,0,0
Líbano,1998,0,0
Luxemburgo,1998,0,0
Macedônia,1998,0,0
Marrocos,1998,0,0
México,1998,0,0
Moldávia,1998,0,0
Montenegro,1998,0,0
Noruega,1998,0,0
Nova Zelândia,1998,0,0
Paises Baixos (Holanda),1998,0,0
Panamá,1998,0,0
Peru,1998,0,0
Porto Rico,1998,0,0
Portugal,1998,4656474,12314487
Reino Unido,1998,0,0
Republica Dominicana,1998,0,0
Romênia,1998,0,0
Rússia,1998,0,0
San Marino,1998,0,0
Sérvia,1998,0,0
Síria,1998,0,0
Suíça,1998,0,0
"Tcheca, República",1998,0,0
Tunísia,1998,0,0
Turquia,1998,0,0
Ucrânia,1998,0,0
Uruguai,1998,277989,525654
Não consta na tabela,1998,0,0
Não declarados,1998,0,0
Outros,1998,187919,480461
Africa do Sul,1999,0,0
Alemanha,1999,2576557,4539354
Argélia,1999,0,0
Arábia Saudita,1999,0,0
Argentina,1999,2475780,5284871
Armênia,1999,0,0
Austrália,1999,0,0
Áustria,1999,83930,661104
Bermudas,1999,0,0
Bélgica,1999,5550,23433
Bolívia,1999,0,0
Bósnia-Herzegovina,1999,0,0
Brasil,1999,0,0
Bulgária,1999,0,0
Canada,1999,0,0
Chile,1999,4312887,8756515
China,1999,0,0
"Coreia do Sul, República",1999,0,0
Croácia,1999,0,0
Emirados Árabes Unidos,1999,0,0
Eslovênia,1999,0,0
Eslováquia,1999,0,0
Espanha,1999,396453,1906389
Estados Unidos,1999,674683,992353
França,1999,3529422,10122865
Geórgia,1999,0,0
"Geórgia do Sul e Sandwich do Sul, Ilhas",1999,0,0
Grécia,1999,0,0
Hong Kong,1999,0,0
Hungria,1999,0,0
Indonesia,1999,0,0
Irlanda,1999,0,0
Israel,1999,0,0
Itália,1999,6187860,14604418
Japão,1999,0,0
Iugoslavia,1999,0,0
Líbano,1999,0,0
Luxemburgo,1999,0,0
Macedônia,1999,0,0
Marrocos,1999,0,0
México,1999,0,0
Moldávia,1999,0,0
Montenegro,1999,0,0
Noruega,1999,0,0
Nova Zelândia,1999,0,0
Paises Baixos (Holanda),1999,0,0
Panamá,1999,0,0
Peru,1999,0,0
Porto Rico,1999,0,0
Portugal,1999,4408133,12406498
Reino Unido,1999,0,0
Republica Dominicana,1999,0,0
Romênia,1999,0,0
Rússia,1999,0,0
San Marino,1999,0,0
Sérvia,1999,0,0
Síria,1999,0,0
Suíça,1999,0,0
"Tcheca, República",1999,0,0
Tunísia,1999,0,0
Turquia,1999,0,0
Ucrânia,1999,0,0
Uruguai,1999,1712036,2756398
Não consta na tabela,1999,0,0
Não declarados,1999,0,0
Outros,1999,49646,230829
Africa do Sul,2000,0,0
Alemanha,2000,1164724,1668539
Argélia,2000,0,0
Arábia Saudita,2000,0,0
Argentina,2000,2724941,6556544
Armênia,2000,0,0
Austrália,2000,130097,446892
Áustria,2000,0,0
Bermudas,2000,0,0
Bélgica,2000,0,0
Bolívia,2000,0,0
Bósnia-Herzegovina,2000,0,0
Brasil,2000,0,0
Bulgária,2000,0,0
Canada,2000,0,0
Chile,2000,5559322,12096840
China,2000,0,0
"Coreia do Sul, República",2000,0,0
Croácia,2000,0,0
Emirados Árabes Unidos,2000,0,0
Eslovênia,2000,0,0
Eslováquia,2000,0,0
Espanha,2000,531425,1699237
Estados Unidos,2000,426442,899698
França,2000,3431635,8467949
Geórgia,2000,0,0
"Geórgia do Sul e Sandwich do Sul, Ilhas",2000,0,0
Grécia,2000,0,0
Hong Kong,2000,0,0
Hungria,2000,0,0
Indonesia,2000,0,0
Irlanda,2000,0,0
Israel,2000,0,0
Itália,2000,8261193,16364713
Japão,2000,0,0
Iugoslavia,2000,0,0
Líbano,2000,0,0
Luxemburgo,2000,0,0
Macedônia,2000,0,0
Marrocos,2000,0,0
México,2000,0,0
Moldávia,2000,0,0
Montenegro,2000,0,0
Noruega,2000,0,0
Nova Zelândia,2000,0,0
Paises Baixos (Holanda),2000,0,0
Panamá,2000,0,0
Peru,2000,0,0
Porto Rico,2000,0,0
Portugal,2000,5011051,13191073
Reino Unido,2000,0,0
Republica Dominicana,2000,0,0
Romênia,2000,0,0
Rússia,2000,0,0
San Marino,2000,0,0
Sérvia,2000,0,0
Síria,2000,0,0
Suíça,2000,0,0
"Tcheca, República",2000,0,0
Tunísia,2000,0,0
Turquia,2000,0,0
Ucrânia,2000,0,0
Uruguai,2000,1961733,3616134
Não consta na tabela,2000,0,0
Não declarados,2000,0,0
Outros,2000,73451,295205
Africa do Sul,2001,42661,99201
Alemanha,2001,909077,1169872
Argélia,2001,0,0
Arábia Saudita,2001,0,0
Argentina,2001,2585537,6196286
Armênia,2001,0,0
Austrália,2001,179310,636740
Áustria,2001,770,0
Bermudas,2001,0,0
Bélgica,2001,0,0
Bolívia,2001,0,0
Bósnia-Herzegovina,2001,0,0
Brasil,2001,0,0
Bulgária,2001,0,0
Canada,2001,0,0
Chile,2001,5160203,11122691
China,2001,0,0
"Coreia do Sul, República",2001,0,0
Croácia,2001,0,0
Emirados Árabes Unidos,2001,0,0
Eslovênia,2001,0,0
Eslováquia,2001,0,0
Espanha,2001,624644,2360928
Estados Unidos,2001,374590,1036201
França,2001,3118460,7968430
Geórgia,2001,0,0
"Geórgia do Sul e Sandwich do Sul, Ilhas",2001,0,0
Grécia,2001,0,0
Hong Kong,2001,0,0
Hungria,2001,0,0
Indonesia,2001,0,0
Irlanda,2001,0,0
Israel,2001,0,0
Itália,2001,8113437,15592191
Japão,2001,0,0
Iugoslavia,2001,0,0
Líbano,2001,0,0
Luxemburgo,2001,0,0
Macedônia,2001,0,0
Marrocos,2001,0,0
México,2001,0,0
Moldávia,2001,0,0
Montenegro,2001,0,0
Noruega,2001,0,0
Nova Zelândia,2001,0,0
Paises Baixos (Holanda),2001,0,0
Panamá,2001,0,0
Peru,2001,0,0
Porto Rico,2001,0,0
Portugal,2001,5225372,13988909
Reino Unido,2001,0,0
Republica Dominicana,2001,0,0
Romênia,2001,0,0
Rússia,2001,0,0
San Marino,2001,0,0
Sérvia,2001,0,0
Síria,2001,0,0
Suíça,2001,0,0
"Tcheca, República",2001,0,0
Tunísia,2001,0,0
Turquia,2001,0,0
Ucrânia,2001,0,0
Uruguai,2001,1668697,3122694
Não consta na tabela,2001,0,0
Não declarados,2001,0,0
Outros,2001,47256,201927
Africa do Sul,2002,32194,106317
Alemanha,2002,759712,829695
Argélia,2002,0,0
Arábia Saudita,2002,0,0
Argentina,2002,3867336,6894469
Armênia,2002,0,0
Austrália,2002,148916,446693
Áustria,2002,0,0
Bermudas,2002,0,0
Bélgica,2002,0,0
Bolívia,2002,0,0
Bósnia-Herzegovina,2002,0,0
Brasil,2002,0,0
Bulgária,2002,0,0
Canada,2002,0,0
Chile,2002,6200375,11626770
China,2002,0,0
"Coreia do Sul, República",2002,0,0
Croácia,2002,0,0
Emirados Árabes Unidos,2002,0,0
Eslovênia,2002,0,0
Eslováquia,2002,0,0
Espanha,2002,435422,1503384
Estados Unidos,2002,139693,357913
França,2002,2355088,6060888
Geórgia,2002,0,0
"Geórgia do Sul e Sandwich do Sul, Ilhas",2002,0,0
Grécia,2002,0,0
Hong Kong,2002,0,0
Hungria,2002,0,0
Indonesia,2002,0,0
Irlanda,2002,0,0
Israel,2002,0,0
Itália,2002,5878763,11408242
Japão,2002,0,0
Iugoslavia,2002,0,0
Líbano,2002,0,0
Luxemburgo,2002,0,0
Macedônia,2002,0,0
Marrocos,2002,0,0
México,2002,0,0
Moldávia,2002,0,0
Montenegro,2002,0,0
Noruega,2002,0,0
Nova Zelândia,2002,0,0
Paises Baixos (Holanda),2002,0,0
Panamá,2002,0,0
Peru,2002,0,0
Porto Rico,2002,0,0
Portugal,2002,3047860,8596328
Reino Unido,2002,0,0
Republica Dominicana,2002,0,0
Romênia,2002,0,0
Rússia,2002,0,0
San Marino,2002,0,0
Sérvia,2002,0,0
Síria,2002,0,0
Suíça,2002,0,0
"Tcheca, República",2002,0,0
Tunísia,2002,0,0
Turquia,2002,0,0
Ucrânia,2002,0,0
Uruguai,2002,1247891,2082552
Não consta na tabela,2002,0,0
Não declarados,2002,0,0
Outros,2002,64069,256700
Africa do Sul,2003,157239,305701
Alemanha,2003,573198,629664
Argélia,2003,0,0
Arábia Saudita,2003,0,0
Argentina,2003,5720024,9653634
Armênia,2003,0,0
Austrália,2003,126441,344316
Áustria,2003,0,0
Bermudas,2003,0,0
Bélgica,2003,0,0
Bolívia,2003,0,0
Bósnia-Herzegovina,2003,0,0
Brasil,2003,0,0
Bulgária,2003,0,0
Canada,2003,0,0
Chile,2003,7955549,16120955
China,2003,0,0
"Coreia do Sul, República",2003,0,0
Croácia,2003,0,0
Emirados Árabes Unidos,2003,0,0
Eslovênia,2003,0,0
Eslováquia,2003,0,0
Espanha,2003,410133,1721562
Estados Unidos,2003,173327,448844
França,2003,1958362,6093629
Geórgia,2003,0,0
"Geórgia do Sul e Sandwich do Sul, Ilhas",2003,0,0
Grécia,2003,0,0
Hong Kong,2003,0,0
Hungria,2003,13391,39649
Indonesia,2003,0,0
Irlanda,2003,0,0
Israel,2003,0,0
Itália,2003,5237027,10545425
Japão,2003,0,0
Iugoslavia,2003,0,0
Líbano,2003,1116,8013
Luxemburgo,2003,0,0
Macedônia,2003,0,0
Marrocos,2003,0,0
México,2003,0,0
Moldávia,2003,0,0
Montenegro,2003,0,0
Noruega,2003,0,0
Nova Zelândia,2003,21139,153081
Paises Baixos (Holanda),2003,0,0
Panamá,2003,0,0
Peru,2003,0,0
Porto Rico,2003,0,0
Portugal,2003,3344190,9649346
Reino Unido,2003,0,0
Republica Dominicana,2003,0,0
Romênia,2003,0,0
Rússia,2003,0,0
San Marino,2003,0,0
Sérvia,2003,0,0
Síria,2003,0,0
Suíça,2003,1900,3522
"Tcheca, República",2003,0,0
Tunísia,2003,0,0
Turquia,2003,0,0
Ucrânia,2003,0,0
Uruguai,2003,1096094,1630471
Não consta na tabela,2003,0,0
Não declarados,2003,0,0
Outros,2003,0,0
Africa do Sul,2004,303489,665101
Alemanha,2004,420075,550750
Argélia,2004,0,0
Arábia Saudita,2004,0,0
Argentina,2004,10202602,17142493
Armênia,2004,0,0
Austrália,2004,192539,561291
Áustria,2004,1170,24677
Bermudas,2004,0,0
Bélgica,2004,0,0
Bolívia,2004,0,0
Bósnia-Herzegovina,2004,0,0
Brasil,2004,2088,16212
Bulgária,2004,0,0
Canada,2004,0,0
Chile,2004,11134141,22521618
China,2004,0,0
"Coreia do Sul, República",2004,450,560
Croácia,2004,0,0
Emirados Árabes Unidos,2004,0,0
Eslovênia,2004,0,0
Eslováquia,2004,0,0
Espanha,2004,603666,2092080
Estados Unidos,2004,79531,255328
França,2004,2092261,6201807
Geórgia,2004,0,0
"Geórgia do Sul e Sandwich do Sul, Ilhas",2004,0,0
Grécia,2004,0,0
Hong Kong,2004,0,0
Hungria,2004,10967,26900
Indonesia,2004,0,0
Irlanda,2004,0,0
Israel,2004,0,0
Itália,2004,6190395,12223247
Japão,2004,0,0
Iugoslavia,2004,0,0
Líbano,2004,662,2726
Luxemburgo,2004,0,0
Macedônia,2004,0,0
Marrocos,2004,0,0
México,2004,0,0
Moldávia,2004,0,0
Montenegro,2004,0,0
Noruega,2004,0,0
Nova Zelândia,2004,11774,107273
Paises Baixos (Holanda),2004,0,0
Panamá,2004,0,0
Peru,2004,0,0
Porto Rico,2004,0,0
Portugal,2004,4151101,12084110
Reino Unido,2004,0,0
Republica Dominicana,2004,0,0
Romênia,2004,0,0
Rússia,2004,0,0
San Marino,2004,0,0
Sérvia,2004,0,0
Síria,2004,0,0
Suíça,2004,4658,5917
"Tcheca, República",2004,0,0
Tunísia,2004,0,0
Turquia,2004,0,0
Ucrânia,2004,0,0
Uruguai,2004,660522,1089054
Não consta na tabela,2004,0,0
Não declarados,2004,0,0
Outros,2004,0,0
Africa do Sul,2005,407413,775421
Alemanha,2005,253685,382599
Argélia,2005,0,0
Arábia Saudita,2005,0,0
Argentina,2005,10845213,21623751
Armênia,2005,0,0
Austrália,2005,324162,901226
Áustria,2005,1688,17321
Bermudas,2005,0,0
Bélgica,2005,0,0
Bolívia,2005,0,0
Bósnia-Herzegovina,2005,0,0
Brasil,2005,3007,20041
Bulgária,2005,0,0
Canada,2005,0,0
Chile,2005,11647128,25645333
China,2005,0,0
"Coreia do Sul, República",2005,0,0
Croácia,2005,0,0
Emirados Árabes Unidos,2005,0,0
Eslovênia,2005,0,0
Eslováquia,2005,0,0
Espanha,2005,508494,2504139
Estados Unidos,2005,53043,245198
França,2005,1671209,5783702
Geórgia,2005,0,0
"Geórgia do Sul e Sandwich do Sul, Ilhas",2005,0,0
Grécia,2005,0,0
Hong Kong,2005,0,0
Hungria,2005,10858,53615
Indonesia,2005,0,0
Irlanda,2005,0,0
Israel,2005,0,0
Itália,2005,6010760,11300501
Japão,2005,0,0
Iugoslavia,2005,0,0
Líbano,2005,1431,12774
Luxemburgo,2005,0,0
Macedônia,2005,0,0
Marrocos,2005,0,0
México,2005,0,0
Moldávia,2005,0,0
Montenegro,2005,0,0
Noruega,2005,0,0
Nova Zelândia,2005,31291,224441
Paises Baixos (Holanda),2005,0,0
Panamá,2005,0,0
Peru,2005,0,0
Porto Rico,2005,0,0
Portugal,2005,5182827,15007625
Reino Unido,2005,0,0
Republica Dominicana,2005,0,0
Romênia,2005,0,0
Rússia,2005,0,0
San Marino,2005,0,0
Sérvia,2005,0,0
Síria,2005,0,0
Suíça,2005,3841,9430
"Tcheca, República",2005,0,0
Tunísia,2005,0,0
Turquia,2005,0,0
Ucrânia,2005,0,0
Uruguai,2005,512973,924066
Não consta na tabela,2005,0,0
Não declarados,2005,0,0
Outros,2005,13970,63967
Africa do Sul,2006,358870,1164032
Alemanha,2006,314749,634870
Argélia,2006,0,0
Arábia Saudita,2006,0,0
Argentina,2006,11939727,25822840
Armênia,2006,0,0
Austrália,2006,254407,1059677
Áustria,2006,1351,8359
Bermudas,2006,0,0
Bélgica,2006,0,0
Bolívia,2006,0,0
Bósnia-Herzegovina,2006,0,0
Brasil,2006,2930,12527
Bulgária,2006,0,0
Canada,2006,0,0
Chile,2006,15194205,36681244
China,2006,22,496
"Coreia do Sul, República",2006,800,600
Croácia,2006,0,0
Emirados Árabes Unidos,2006,0,0
Eslovênia,2006,0,0
Eslováquia,2006,0,0
Espanha,2006,971869,4288963
Estados Unidos,2006,61283,355478
França,2006,2561966,10507604
Geórgia,2006,0,0
"Geórgia do Sul e Sandwich do Sul, Ilhas",2006,0,0
Grécia,2006,670,1450
Hong Kong,2006,0,0
Hungria,2006,10530,54542
Indonesia,2006,0,0
Irlanda,2006,0,0
Israel,2006,0,0
Itália,2006,7983641,17018760
Japão,2006,0,0
Iugoslavia,2006,0,0
Líbano,2006,5121,10605
Luxemburgo,2006,0,0
Macedônia,2006,0,0
Marrocos,2006,0,0
México,2006,0,0
Moldávia,2006,0,0
Montenegro,2006,0,0
Noruega,2006,0,0
Nova Zelândia,2006,31825,254987
Paises Baixos (Holanda),2006,0,0
Panamá,2006,0,0
Peru,2006,0,0
Porto Rico,2006,0,0
Portugal,2006,5936299,19063151
Reino Unido,2006,14909,56268
Republica Dominicana,2006,0,0
Romênia,2006,0,0
Rússia,2006,0,0
San Marino,2006,0,0
Sérvia,2006,0,0
Síria,2006,0,0
Suíça,2006,4222,6018
"Tcheca, República",2006,0,0
Tunísia,2006,0,0
Turquia,2006,0,0
Ucrânia,2006,0,0
Uruguai,2006,715474,1439538
Não consta na tabela,2006,0,0
Não declarados,2006,0,0
Outros,2006,0,0
Africa do Sul,2007,386425,1320244
Alemanha,2007,234006,647626
Argélia,2007,0,0
Arábia Saudita,2007,0,0
Argentina,2007,15621172,36160548
Armênia,2007,0,0
Austrália,2007,363611,1583361
Áustria,2007,1688,35247
Bermudas,2007,0,0
Bélgica,2007,0,0
Bolívia,2007,540,1348
Bósnia-Herzegovina,2007,0,0
Brasil,2007,3513,19633
Bulgária,2007,0,0
Canada,2007,0,0
Chile,2007,18845522,47680946
China,2007,459,4235
"Coreia do Sul, República",2007,0,0
Croácia,2007,0,0
Emirados Árabes Unidos,2007,0,0
Eslovênia,2007,0,0
Eslováquia,2007,0,0
Espanha,2007,862045,4506858
Estados Unidos,2007,79376,334204
França,2007,2737947,14721769
Geórgia,2007,0,0
"Geórgia do Sul e Sandwich do Sul, Ilhas",2007,0,0
Grécia,2007,18110,137867
Hong Kong,2007,0,0
Hungria,2007,14600,82552
Indonesia,2007,0,0
Irlanda,2007,0,0
Israel,2007,13250,27398
Itália,2007,9177932,22023175
Japão,2007,0,0
Iugoslavia,2007,0,0
Líbano,2007,6768,25265
Luxemburgo,2007,0,0
Macedônia,2007,0,0
Marrocos,2007,0,0
México,2007,0,0
Moldávia,2007,0,0
Montenegro,2007,0,0
Noruega,2007,0,0
Nova Zelândia,2007,47220,417276
Paises Baixos (Holanda),2007,0,0
Panamá,2007,0,0
Peru,2007,0,0
Porto Rico,2007,15658,14781
Portugal,2007,6805601,23945522
Reino Unido,2007,7056,67728
Republica Dominicana,2007,0,0
Romênia,2007,0,0
Rússia,2007,0,0
San Marino,2007,0,0
Sérvia,2007,0,0
Síria,2007,0,0
Suíça,2007,0,0
"Tcheca, República",2007,0,0
Tunísia,2007,0,0
Turquia,2007,0,0
Ucrânia,2007,0,0
Uruguai,2007,2387225,3131899
Não consta na tabela,2007,0,0
Não declarados,2007,0,0
Outros,2007,0,0
Africa do Sul,2008,315380,1151699
Alemanha,2008,293935,1063825
Argélia,2008,0,0
Arábia Saudita,2008,0,0
Argentina,2008,14417761,37382581
Armênia,2008,0,0
Austrália,2008,215135,1248671
Áustria,2008,11388,73348
Bermudas,2008,0,0
Bélgica,2008,0,0
Bolívia,2008,0,0
Bósnia-Herzegovina,2008,0,0
Brasil,2008,309,1769
Bulgária,2008,0,0
Canada,2008,396,30957
Chile,2008,18662626,50748373
China,2008,6858,32738
"Coreia do Sul, República",2008,0,0
Croácia,2008,0,0
Emirados Árabes Unidos,2008,0,0
Eslovênia,2008,0,0
Eslováquia,2008,0,0
Espanha,2008,990697,6036397
Estados Unidos,2008,65956,542331
França,2008,2466277,16275708
Geórgia,2008,0,0
"Geórgia do Sul e Sandwich do Sul, Ilhas",2008,0,0
Grécia,2008,11034,78819
Hong Kong,2008,0,0
Hungria,2008,15981,90021
Indonesia,2008,0,0
Irlanda,2008,0,0
Israel,2008,8694,41161
Itália,2008,9723292,24378627
Japão,2008,0,0
Iugoslavia,2008,0,0
Líbano,2008,10270,47054
Luxemburgo,2008,0,0
Macedônia,2008,0,0
Marrocos,2008,0,0
México,2008,0,0
Moldávia,2008,0,0
Montenegro,2008,0,0
Noruega,2008,0,0
Nova Zelândia,2008,58408,536625
Paises Baixos (Holanda),2008,0,0
Panamá,2008,0,0
Peru,2008,0,0
Porto Rico,2008,0,0
Portugal,2008,6213781,23826443
Reino Unido,2008,315,10257
Republica Dominicana,2008,0,0
Romênia,2008,0,0
Rússia,2008,0,0
San Marino,2008,0,0
Sérvia,2008,0,0
Síria,2008,0,0
Suíça,2008,1194,5359
"Tcheca, República",2008,0,0
Tunísia,2008,0,0
Turquia,2008,0,0
Ucrânia,2008,0,0
Uruguai,2008,920389,2089539
Não consta na tabela,2008,0,0
Não declarados,2008,0,0
Outros,2008,0,0
Africa do Sul,2009,493093,1931449
Alemanha,2009,56075,291876
Argélia,2009,0,0
Arábia Saudita,2009,0,0
Argentina,2009,13902750,38521731
Armênia,2009,0,0
Austrália,2009,270908,998680
Áustria,2009,1895,12073
Bermudas,2009,0,0
Bélgica,2009,0,0
Bolívia,2009,0,0
Bósnia-Herzegovina,2009,0,0
Brasil,2009,0,0
Bulgária,2009,0,0
Canada,2009,0,0
Chile,2009,22476643,61380795
China,2009,0,0
"Coreia do Sul, República",2009,0,0
Croácia,2009,0,0
Emirados Árabes Unidos,2009,0,0
Eslovênia,2009,0,0
Eslováquia,2009,0,0
Espanha,2009,1119540,6224187
Estados Unidos,2009,85393,702825
França,2009,2372448,16893114
Geórgia,2009,0,0
"Geórgia do Sul e Sandwich do Sul, Ilhas",2009,0,0
Grécia,2009,52474,190076
Hong Kong,2009,0,0
Hungria,2009,12632,87626
Indonesia,2009,0,0
Irlanda,2009,0,0
Israel,2009,8924,36534
Itália,2009,8387908,23079424
Japão,2009,0,0
Iugoslavia,2009,0,0
Líbano,2009,5310,34971
Luxemburgo,2009,0,0
Macedônia,2009,0,0
Marrocos,2009,0,0
México,2009,0,0
Moldávia,2009,0,0
Montenegro,2009,0,0
Noruega,2009,0,0
Nova Zelândia,2009,30806,302244
Paises Baixos (Holanda),2009,0,0
Panamá,2009,0,0
Peru,2009,0,0
Porto Rico,2009,0,0
Portugal,2009,5884719,23688318
Reino Unido,2009,10236,53375
Republica Dominicana,2009,0,0
Romênia,2009,0,0
Rússia,2009,0,0
San Marino,2009,0,0
Sérvia,2009,0,0
Síria,2009,0,0
Suíça,2009,4860,13129
"Tcheca, República",2009,0,0
Tunísia,2009,0,0
Turquia,2009,0,0
Ucrânia,2009,0,0
Uruguai,2009,750343,1953390
Não consta na tabela,2009,0,0
Não declarados,2009,0,0
Outros,2009,0,0
Africa do Sul,2010,966276,3600658
Alemanha,2010,192661,784674
Argélia,2010,0,0
Arábia Saudita,2010,0,0
Argentina,2010,16965266,52126581
Armênia,2010,0,0
Austrália,2010,405271,1864846
Áustria,2010,2329,30075
Bermudas,2010,0,0
Bélgica,2010,0,0
Bolívia,2010,0,0
Bósnia-Herzegovina,2010,0,0
Brasil,2010,7,232
Bulgária,2010,20997,94727
Canada,2010,0,0
Chile,2010,26434744,72983389
China,2010,0,0
"Coreia do Sul, República",2010,0,0
Croácia,2010,0,0
Emirados Árabes Unidos,2010,0,0
Eslovênia,2010,0,0
Eslováquia,2010,0,0
Espanha,2010,1622100,8698824
Estados Unidos,2010,194774,1344921
França,2010,2799118,18778566
Geórgia,2010,0,0
"Geórgia do Sul e Sandwich do Sul, Ilhas",2010,0,0
Grécia,2010,42449,196361
Hong Kong,2010,0,0
Hungria,2010,15193,160961
Indonesia,2010,0,0
Irlanda,2010,0,0
Israel,2010,15782,93252
Itália,2010,11911190,28683242
Japão,2010,0,0
Iugoslavia,2010,0,0
Líbano,2010,15741,123283
Luxemburgo,2010,0,0
Macedônia,2010,0,0
Marrocos,2010,0,0
México,2010,7004,63663
Moldávia,2010,0,0
Montenegro,2010,0,0
Noruega,2010,0,0
Nova Zelândia,2010,102683,947043
Paises Baixos (Holanda),2010,0,0
Panamá,2010,0,0
Peru,2010,33,252
Porto Rico,2010,0,0
Portugal,2010,7801759,29299792
Reino Unido,2010,621,22292
Republica Dominicana,2010,0,0
Romênia,2010,0,0
Rússia,2010,0,0
San Marino,2010,0,0
Sérvia,2010,0,0
Síria,2010,0,0
Suíça,2010,2483,8010
"Tcheca, República",2010,0,0
Tunísia,2010,0,0
Turquia,2010,0,0
Ucrânia,2010,0,0
Uruguai,2010,1219387,3175051
Não consta na tabela,2010,0,0
Não declarados,2010,0,0
Outros,2010,0,0
Africa do Sul,2011,507509,2136394
Alemanha,2011,198025,933545
Argélia,2011,0,0
Arábia Saudita,2011,0,0
Argentina,2011,16673491,58806736
Armênia,2011,0,0
Austrália,2011,824440,2811273
Áustria,2011,6357,56227
Bermudas,2011,0,0
Bélgica,2011,0,0
Bolívia,2011,0,0
Bósnia-Herzegovina,2011,0,0
Brasil,2011,93,1164
Bulgária,2011,1097,2527
Canada,2011,2322,35032
Chile,2011,26642889,84952500
China,2011,0,0
"Coreia do Sul, República",2011,0,0
Croácia,2011,450,12388
Emirados Árabes Unidos,2011,0,0
Eslovênia,2011,3600,62602
Eslováquia,2011,0,0
Espanha,2011,1999970,11175636
Estados Unidos,2011,369806,1756901
França,2011,3329437,22917012
Geórgia,2011,0,0
"Geórgia do Sul e Sandwich do Sul, Ilhas",2011,0,0
Grécia,2011,82207,414329
Hong Kong,2011,0,0
Hungria,2011,15073,256240
Indonesia,2011,0,0
Irlanda,2011,0,0
Israel,2011,16382,68676
Itália,2011,12025827,35481781
Japão,2011,0,0
Iugoslavia,2011,0,0
Líbano,2011,17685,137954
Luxemburgo,2011,0,0
Macedônia,2011,0,0
Marrocos,2011,0,0
México,2011,0,0
Moldávia,2011,0,0
Montenegro,2011,0,0
Noruega,2011,0,0
Nova Zelândia,2011,151194,1267863
Paises Baixos (Holanda),2011,0,0
Panamá,2011,0,0
Peru,2011,0,0
Porto Rico,2011,0,0
Portugal,2011,8556375,35247223
Reino Unido,2011,270,6021
Republica Dominicana,2011,0,0
Romênia,2011,0,0
Rússia,2011,0,0
San Marino,2011,0,0
Sérvia,2011,0,0
Síria,2011,0,0
Suíça,2011,0,0
"Tcheca, República",2011,0,0
Tunísia,2011,16420,37492
Turquia,2011,0,0
Ucrânia,2011,0,0
Uruguai,2011,1264306,3481552
Não consta na tabela,2011,0,0
Não declarados,2011,0,0
Outros,2011,0,0
Africa do Sul,2012,722327,3041449
Alemanha,2012,113243,591167
Argélia,2012,0,0
Arábia Saudita,2012,0,0
Argentina,2012,14613839,55633562
Armênia,2012,0,0
Austrália,2012,615334,2474783
Áustria,2012,8098,85116
Bermudas,2012,0,0
Bélgica,2012,0,0
Bolívia,2012,0,0
Bósnia-Herzegovina,2012,0,0
Brasil,2012,1051,15016
Bulgária,2012,0,0
Canada,2012,0,0
Chile,2012,30258795,93315735
China,2012,0,0
"Coreia do Sul, República",2012,0,0
Croácia,2012,630,16571
Emirados Árabes Unidos,2012,0,0
Eslovênia,2012,433,1223
Eslováquia,2012,0,0
Espanha,2012,2540209,11724946
Estados Unidos,2012,379329,1995929
França,2012,3181440,21636175
Geórgia,2012,0,0
"Geórgia do Sul e Sandwich do Sul, Ilhas",2012,0,0
Grécia,2012,68966,323206
Hong Kong,2012,0,0
Hungria,2012,10404,168862
Indonesia,2012,0,0
Irlanda,2012,0,0
Israel,2012,8439,47579
Itália,2012,10506144,30750897
Japão,2012,0,0
Iugoslavia,2012,0,0
Líbano,2012,5805,47826
Luxemburgo,2012,0,0
Macedônia,2012,0,0
Marrocos,2012,450,3851
México,2012,0,0
Moldávia,2012,0,0
Montenegro,2012,0,0
Noruega,2012,0,0
Nova Zelândia,2012,81611,790355
Paises Baixos (Holanda),2012,0,0
Panamá,2012,0,0
Peru,2012,0,0
Porto Rico,2012,0,0
Portugal,2012,9714940,36190898
Reino Unido,2012,406,26466
Republica Dominicana,2012,0,0
Romênia,2012,33750,85321
Rússia,2012,0,0
San Marino,2012,0,0
Sérvia,2012,0,0
Síria,2012,0,0
Suíça,2012,0,0
"Tcheca, República",2012,0,0
Tunísia,2012,19913,42918
Turquia,2012,0,0
Ucrânia,2012,0,0
Uruguai,2012,1323884,3735892
Não consta na tabela,2012,0,0
Não declarados,2012,0,0
Outros,2012,0,0
Africa do Sul,2013,475331,1985184
Alemanha,2013,114866,414070
Argélia,2013,0,0
Arábia Saudita,2013,0,0
Argentina,2013,12732815,49524694
Armênia,2013,0,0
Austrália,2013,553190,1703815
Áustria,2013,56849,227204
Bermudas,2013,0,0
Bélgica,2013,0,0
Bolívia,2013,0,0
Bósnia-Herzegovina,2013,0,0
Brasil,2013,473,5747
Bulgária,2013,5947,21988
Canada,2013,0,0
Chile,2013,28288212,90281256
China,2013,0,0
"Coreia do Sul, República",2013,0,0
Croácia,2013,0,0
Emirados Árabes Unidos,2013,0,0
Eslovênia,2013,2192,25307
Eslováquia,2013,0,0
Espanha,2013,2772104,13570874
Estados Unidos,2013,518888,2817086
França,2013,3265362,23336291
Geórgia,2013,33750,134202
"Geórgia do Sul e Sandwich do Sul, Ilhas",2013,0,0
Grécia,2013,13241,71175
Hong Kong,2013,0,0
Hungria,2013,10911,140198
Indonesia,2013,0,0
Irlanda,2013,0,0
Israel,2013,24622,97645
Itália,2013,8308831,30799292
Japão,2013,0,0
Iugoslavia,2013,0,0
Líbano,2013,6588,75810
Luxemburgo,2013,0,0
Macedônia,2013,0,0
Marrocos,2013,0,0
México,2013,0,0
Moldávia,2013,0,0
Montenegro,2013,0,0
Noruega,2013,0,0
Nova Zelândia,2013,90728,840521
Paises Baixos (Holanda),2013,0,0
Panamá,2013,0,0
Peru,2013,0,0
Porto Rico,2013,0,0
Portugal,2013,9299080,35729522
Reino Unido,2013,127,2789
Republica Dominicana,2013,0,0
Romênia,2013,0,0
Rússia,2013,0,0
San Marino,2013,0,0
Sérvia,2013,0,0
Síria,2013,0,0
Suíça,2013,0,0
"Tcheca, República",2013,0,0
Tunísia,2013,8000,20892
Turquia,2013,0,0
Ucrânia,2013,0,0
Uruguai,2013,1372329,3740613
Não consta na tabela,2013,0,0
Não declarados,2013,0,0
Outros,2013,0,0
Africa do Sul,2014,722715,3033932
Alemanha,2014,115804,483316
Argélia,2014,0,0
Arábia Saudita,2014,0,0
Argentina,2014,13437321,53815956
Armênia,2014,0,0
Austrália,2014,236742,1008851
Áustria,2014,2770,32116
Bermudas,2014,0,0
Bélgica,2014,0,0
Bolívia,2014,0,0
Bósnia-Herzegovina,2014,0,0
Brasil,2014,449,6011
Bulgária,2014,15019,46857
Canada,2014,1530,25958
Chile,2014,35479279,113375484
China,2014,0,0
"Coreia do Sul, República",2014,0,0
Croácia,2014,0,0
Emirados Árabes Unidos,2014,35,1138
Eslovênia,2014,4190,23377
Eslováquia,2014,0,0
Espanha,2014,2760797,12797753
Estados Unidos,2014,788773,4171731
França,2014,3592782,27480375
Geórgia,2014,0,0
"Geórgia do Sul e Sandwich do Sul, Ilhas",2014,0,0
Grécia,2014,24244,107195
Hong Kong,2014,0,0
Hungria,2014,18733,114610
Indonesia,2014,0,0
Irlanda,2014,0,0
Israel,2014,7734,40372
Itália,2014,8566756,31697736
Japão,2014,0,0
Iugoslavia,2014,0,0
Líbano,2014,47610,270145
Luxemburgo,2014,0,0
Macedônia,2014,252,497
Marrocos,2014,0,0
México,2014,0,0
Moldávia,2014,0,0
Montenegro,2014,0,0
Noruega,2014,0,0
Nova Zelândia,2014,106251,843533
Paises Baixos (Holanda),2014,0,0
Panamá,2014,0,0
Peru,2014,3201,7906
Porto Rico,2014,0,0
Portugal,2014,9735153,37071142
Reino Unido,2014,315,9410
Republica Dominicana,2014,0,0
Romênia,2014,4163,5629
Rússia,2014,0,0
San Marino,2014,0,0
Sérvia,2014,0,0
Síria,2014,0,0
Suíça,2014,0,0
"Tcheca, República",2014,0,0
Tunísia,2014,0,0
Turquia,2014,0,0
Ucrânia,2014,0,0
Uruguai,2014,1237537,3782282
Não consta na tabela,2014,0,0
Não declarados,2014,0,0
Outros,2014,0,0
Africa do Sul,2015,743335,2996543
Alemanha,2015,95171,358275
Argélia,2015,0,0
Arábia Saudita,2015,0,0
Argentina,2015,12465041,48043201
Armênia,2015,0,0
Austrália,2015,395030,1261810
Áustria,2015,360,3891
Bermudas,2015,0,0
Bélgica,2015,0,0
Bolívia,2015,0,0
Bósnia-Herzegovina,2015,0,0
Brasil,2015,1359,12919
Bulgária,2015,17244,51678
Canada,2015,0,0
Chile,2015,36686870,107684380
China,2015,0,0
"Coreia do Sul, República",2015,0,0
Croácia,2015,2069,3779
Emirados Árabes Unidos,2015,529,10093
Eslovênia,2015,4640,24190
Eslováquia,2015,0,0
Espanha,2015,3024533,11396855
Estados Unidos,2015,775131,3848755
França,2015,3617130,19353291
Geórgia,2015,0,0
"Geórgia do Sul e Sandwich do Sul, Ilhas",2015,0,0
Grécia,2015,55680,190185
Hong Kong,2015,0,0
Hungria,2015,5117,74688
Indonesia,2015,0,0
Irlanda,2015,0,0
Israel,2015,19028,55248
Itália,2015,8261383,25846195
Japão,2015,0,0
Iugoslavia,2015,0,0
Líbano,2015,6480,56196
Luxemburgo,2015,0,0
Macedônia,2015,0,0
Marrocos,2015,1755,15082
México,2015,0,0
Moldávia,2015,0,0
Montenegro,2015,0,0
Noruega,2015,0,0
Nova Zelândia,2015,117340,950751
Paises Baixos (Holanda),2015,0,0
Panamá,2015,0,0
Peru,2015,0,0
Porto Rico,2015,0,0
Portugal,2015,9952290,32547365
Reino Unido,2015,90,1352
Republica Dominicana,2015,0,0
Romênia,2015,5950,7925
Rússia,2015,0,0
San Marino,2015,0,0
Sérvia,2015,0,0
Síria,2015,0,0
Suíça,2015,1125,6284
"Tcheca, República",2015,0,0
Tunísia,2015,0,0
Turquia,2015,32247,109741
Ucrânia,2015,0,0
Uruguai,2015,1399547,4069100
Não consta na tabela,2015,0,0
Não declarados,2015,0,0
Outros,2015,0,0
Africa do Sul,2016,578829,1686226
Alemanha,2016,158386,606333
Argélia,2016,0,43
Arábia Saudita,2016,0,43
Argentina,2016,14098009,45214862
Armênia,2016,0,0
Austrália,2016,498515,1537834
Áustria,2016,1485,7551
Bermudas,2016,0,0
Bélgica,2016,7,1090
Bolívia,2016,0,0
Bósnia-Herzegovina,2016,0,0
Brasil,2016,183,2127
Bulgária,2016,17777,55253
Canada,2016,0,0
Chile,2016,43400991,123183079
China,2016,108,213
"Coreia do Sul, República",2016,0,0
Croácia,2016,0,0
Emirados Árabes Unidos,2016,2175,35489
Eslovênia,2016,14366,46972
Eslováquia,2016,1305,3878
Espanha,2016,3948614,12221512
Estados Unidos,2016,725420,2924715
França,2016,3831566,15940341
Geórgia,2016,0,0
"Geórgia do Sul e Sandwich do Sul, Ilhas",2016,0,0
Grécia,2016,6568,18637
Hong Kong,2016,0,0
Hungria,2016,8315,58756
Indonesia,2016,0,43
Irlanda,2016,0,43
Israel,2016,12548,44277
Itália,2016,7936409,22216811
Japão,2016,0,0
Iugoslavia,2016,0,0
Líbano,2016,10665,71374
Luxemburgo,2016,0,43
Macedônia,2016,0,0
Marrocos,2016,0,0
México,2016,0,0
Moldávia,2016,0,0
Montenegro,2016,0,0
Noruega,2016,396,253
Nova Zelândia,2016,50177,361030
Paises Baixos (Holanda),2016,0,43
Panamá,2016,0,0
Peru,2016,0,0
Porto Rico,2016,0,0
Portugal,2016,10821232,29495190
Reino Unido,2016,5,255
Republica Dominicana,2016,0,43
Romênia,2016,0,0
Rússia,2016,0,43
San Marino,2016,0,0
Sérvia,2016,0,0
Síria,2016,0,0
Suíça,2016,6,245
"Tcheca, República",2016,0,0
Tunísia,2016,0,0
Turquia,2016,0,0
Ucrânia,2016,5319,9679
Uruguai,2016,2215692,5099162
Não consta na tabela,2016,0,0
Não declarados,2016,0,0
Outros,2016,0,0
Africa do Sul,2017,1138732,3241298
Alemanha,2017,83289,315959
Argélia,2017,0,0
Arábia Saudita,2017,0,0
Argentina,2017,15461740,51770842
Armênia,2017,0,0
Austrália,2017,354641,1246545
Áustria,2017,2655,24629
Bermudas,2017,0,0
Bélgica,2017,4376,45221
Bolívia,2017,0,0
Bósnia-Herzegovina,2017,0,0
Brasil,2017,845617,260135
Bulgária,2017,35284,68234
Canada,2017,0,0
Chile,2017,51787643,145628860
China,2017,1000,613
"Coreia do Sul, República",2017,0,0
Croácia,2017,0,0
Emirados Árabes Unidos,2017,0,0
Eslovênia,2017,0,0
Eslováquia,2017,21424,64828
Espanha,2017,7240535,19834451
Estados Unidos,2017,1372347,4110641
França,2017,5921728,25280255
Geórgia,2017,0,0
"Geórgia do Sul e Sandwich do Sul, Ilhas",2017,0,0
Grécia,2017,40775,139486
Hong Kong,2017,0,0
Hungria,2017,23813,168353
Indonesia,2017,0,0
Irlanda,2017,0,0
Israel,2017,37302,120463
Itália,2017,11538990,33707111
Japão,2017,0,0
Iugoslavia,2017,0,0
Líbano,2017,12737,93480
Luxemburgo,2017,0,0
Macedônia,2017,0,0
Marrocos,2017,0,0
México,2017,0,0
Moldávia,2017,0,0
Montenegro,2017,0,0
Noruega,2017,5,27
Nova Zelândia,2017,31379,248412
Paises Baixos (Holanda),2017,0,0
Panamá,2017,0,0
Peru,2017,0,0
Porto Rico,2017,0,0
Portugal,2017,17345709,45032247
Reino Unido,2017,16,1033
Republica Dominicana,2017,0,0
Romênia,2017,18509,52150
Rússia,2017,0,0
San Marino,2017,0,0
Sérvia,2017,0,0
Síria,2017,398,269
Suíça,2017,138,2873
"Tcheca, República",2017,0,0
Tunísia,2017,0,0
Turquia,2017,0,0
Ucrânia,2017,865,931
Uruguai,2017,5009098,7751966
Não consta na tabela,2017,0,0
Não declarados,2017,0,0
Outros,2017,0,0
Africa do Sul,2018,1127053,3574371
Alemanha,2018,142971,516975
Argélia,2018,0,0
Arábia Saudita,2018,563,3249
Argentina,2018,15221318,52817642
Armênia,2018,0,0
Austrália,2018,3518,21664
Áustria,2018,513995,1567866
Bermudas,2018,0,0
Bélgica,2018,163,1201
Bolívia,2018,0,0
Bósnia-Herzegovina,2018,0,0
Brasil,2018,18040,121806
Bulgária,2018,16166,17550
Canada,2018,301,17418
Chile,2018,51104825,144731210
China,2018,5,472
"Coreia do Sul, República",2018,0,0
Croácia,2018,0,0
Emirados Árabes Unidos,2018,0,0
Eslovênia,2018,20976,68521
Eslováquia,2018,10800,17938
Espanha,2018,5595268,19353631
Estados Unidos,2018,548655,2584781
França,2018,4653789,22688105
Geórgia,2018,8164,20416
"Geórgia do Sul e Sandwich do Sul, Ilhas",2018,0,0
Grécia,2018,41601,135185
Hong Kong,2018,0,0
Hungria,2018,23742,113405
Indonesia,2018,36,210
Irlanda,2018,107,954
Israel,2018,40354,182017
Itália,2018,10154564,34857594
Japão,2018,0,0
Iugoslavia,2018,0,0
Líbano,2018,19742,150044
Luxemburgo,2018,5,42
Macedônia,2018,0,0
Marrocos,2018,0,0
México,2018,134,804
Moldávia,2018,0,0
Montenegro,2018,0,0
Noruega,2018,0,0
Nova Zelândia,2018,130854,686193
Paises Baixos (Holanda),2018,283,8719
Panamá,2018,0,0
Peru,2018,77,653
Porto Rico,2018,47,404
Portugal,2018,17698831,53237413
Reino Unido,2018,4126,51034
Republica Dominicana,2018,2,13
Romênia,2018,13719,9695
Rússia,2018,17483,66160
San Marino,2018,0,0
Sérvia,2018,0,0
Síria,2018,0,0
Suíça,2018,559,7647
"Tcheca, República",2018,0,0
Tunísia,2018,0,0
Turquia,2018,1591,1245
Ucrânia,2018,0,0
Uruguai,2018,2836574,8467846
Não consta na tabela,2018,0,0
Não declarados,2018,0,0
Outros,2018,0,0
Africa do Sul,2019,1092042,3604038
Alemanha,2019,101055,412794
Argélia,2019,0,0
Arábia Saudita,2019,0,0
Argentina,2019,16548931,54527380
Armênia,2019,0,0
Austrália,2019,16292,1214643
Áustria,2019,348289,128379
Bermudas,2019,0,0
Bélgica,2019,7,30
Bolívia,2019,0,0
Bósnia-Herzegovina,2019,0,0
Brasil,2019,29295,246008
Bulgária,2019,10944,9915
Canada,2019,0,0
Chile,2019,52697108,145471294
China,2019,317,2458
"Coreia do Sul, República",2019,0,0
Croácia,2019,450,2900
Emirados Árabes Unidos,2019,0,0
Eslovênia,2019,30968,101190
Eslováquia,2019,459,3160
Espanha,2019,5797980,17111436
Estados Unidos,2019,534870,2400830
França,2019,5324383,24299524
Geórgia,2019,21748,41161
"Geórgia do Sul e Sandwich do Sul, Ilhas",2019,0,0
Grécia,2019,21251,70881
Hong Kong,2019,0,0
Hungria,2019,34591,146500
Indonesia,2019,258,1464
Irlanda,2019,179,1705
Israel,2019,52237,182602
Itália,2019,10323254,33355982
Japão,2019,153,1429
Iugoslavia,2019,0,0
Líbano,2019,21836,167358
Luxemburgo,2019,0,0
Macedônia,2019,1323,874
Marrocos,2019,2250,16816
México,2019,646,3927
Moldávia,2019,0,0
Montenegro,2019,1701,5440
Noruega,2019,0,0
Nova Zelândia,2019,133179,776830
Paises Baixos (Holanda),2019,634,5297
Panamá,2019,17,96
Peru,2019,0,0
Porto Rico,2019,21,115
Portugal,2019,18228699,51444189
Reino Unido,2019,4819,46623
Republica Dominicana,2019,0,0
Romênia,2019,5196,6706
Rússia,2019,0,0
San Marino,2019,0,0
Sérvia,2019,0,0
Síria,2019,641,409
Suíça,2019,4510,63619
"Tcheca, República",2019,0,0
Tunísia,2019,0,0
Turquia,2019,0,0
Ucrânia,2019,4646,3074
Uruguai,2019,2778244,7938059
Não consta na tabela,2019,0,0
Não declarados,2019,0,0
Outros,2019,0,0
Africa do Sul,2020,627150,1701072
Alemanha,2020,136992,504168
Argélia,2020,0,0
Arábia Saudita,2020,0,0
Argentina,2020,22610267,66322932
Armênia,2020,0,0
Austrália,2020,212595,792051
Áustria,2020,6540,52348
Bermudas,2020,0,0
Bélgica,2020,0,0
Bolívia,2020,0,0
Bósnia-Herzegovina,2020,1218,902
Brasil,2020,4347,41213
Bulgária,2020,23110,58319
Canada,2020,0,0
Chile,2020,72726186,176540499
China,2020,0,0
"Coreia do Sul, República",2020,0,0
Croácia,2020,0,0
Emirados Árabes Unidos,2020,0,0
Eslovênia,2020,11392,39771
Eslováquia,2020,0,0
Espanha,2020,7169384,19802061
Estados Unidos,2020,366584,2119234
França,2020,5658139,24894394
Geórgia,2020,20274,42948
"Geórgia do Sul e Sandwich do Sul, Ilhas",2020,0,0
Grécia,2020,61181,219292
Hong Kong,2020,311,2776
Hungria,2020,5254,25250
Indonesia,2020,0,0
Irlanda,2020,0,0
Israel,2020,38239,224349
Itália,2020,9659999,32477890
Japão,2020,0,0
Iugoslavia,2020,0,0
Líbano,2020,12384,45908
Luxemburgo,2020,0,0
Macedônia,2020,0,0
Marrocos,2020,2160,8326
México,2020,33,181
Moldávia,2020,5832,8965
Montenegro,2020,0,0
Noruega,2020,0,0
Nova Zelândia,2020,15372,89763
Paises Baixos (Holanda),2020,2285,22990
Panamá,2020,0,0
Peru,2020,0,0
Porto Rico,2020,54,1090
Portugal,2020,23627260,66353572
Reino Unido,2020,2586,22935
Republica Dominicana,2020,0,0
Romênia,2020,30635,70269
Rússia,2020,0,0
San Marino,2020,0,0
Sérvia,2020,0,0
Síria,2020,0,0
Suíça,2020,735,5848
"Tcheca, República",2020,0,0
Tunísia,2020,0,0
Turquia,2020,17563,55039
Ucrânia,2020,0,0
Uruguai,2020,4079076,10146829
Não consta na tabela,2020,0,0
Não declarados,2020,0,0
Outros,2020,0,0
Africa do Sul,2021,859169,2508140
Alemanha,2021,106541,546967
Argélia,2021,0,0
Arábia Saudita,2021,2510,8761
Argentina,2021,26869241,79527959
Armênia,2021,0,0
Austrália,2021,366875,1383093
Áustria,2021,13427,141822
Bermudas,2021,10,141
Bélgica,2021,0,0
Bolívia,2021,0,0
Bósnia-Herzegovina,2021,0,0
Brasil,2021,12602,39816
Bulgária,2021,34185,105623
Canada,2021,0,0
Chile,2021,69617587,182568098
China,2021,0,0
"Coreia do Sul, República",2021,0,0
Croácia,2021,17343,78954
Emirados Árabes Unidos,2021,0,0
Eslovênia,2021,42944,172141
Eslováquia,2021,0,0
Espanha,2021,8793911,23795616
Estados Unidos,2021,506405,2809649
França,2021,6241310,31428188
Geórgia,2021,19188,32901
"Geórgia do Sul e Sandwich do Sul, Ilhas",2021,1838,2915
Grécia,2021,13619,55228
Hong Kong,2021,0,0
Hungria,2021,20174,160816
Indonesia,2021,0,0
Irlanda,2021,0,0
Israel,2021,60281,298732
Itália,2021,11231625,39852162
Japão,2021,0,0
Iugoslavia,2021,0,0
Líbano,2021,24194,78872
Luxemburgo,2021,0,0
Macedônia,2021,0,0
Marrocos,2021,986,6958
México,2021,4,19
Moldávia,2021,25998,66480
Montenegro,2021,0,0
Noruega,2021,0,0
Nova Zelândia,2021,21995,137547
Paises Baixos (Holanda),2021,0,0
Panamá,2021,0,0
Peru,2021,0,0
Porto Rico,2021,0,0
Portugal,2021,25925363,75668823
Reino Unido,2021,1164,9357
Republica Dominicana,2021,0,0
Romênia,2021,33770,99562
Rússia,2021,32179,64905
San Marino,2021,1095,2237
Sérvia,2021,3471,8302
Síria,2021,484,1280
Suíça,2021,7,157
"Tcheca, República",2021,225,5528
Tunísia,2021,0,0
Turquia,2021,0,0
Ucrânia,2021,0,0
Uruguai,2021,3788831,10063341
Não consta na tabela,2021,0,0
Não declarados,2021,0,0
Outros,2021,0,0
Africa do Sul,2022,738116,2266827
Alemanha,2022,92600,438595
Argélia,2022,0,0
Arábia Saudita,2022,0,0
Argentina,2022,27980574,87519642
Armênia,2022,2385,13668
Austrália,2022,579279,1590059
Áustria,2022,7403,53974
Bermudas,2022,1,4
Bélgica,2022,0,0
Bolívia,2022,0,0
Bósnia-Herzegovina,2022,0,0
Brasil,2022,1,5
Bulgária,2022,29929,43221
Canada,2022,884,11607
Chile,2022,68881232,184335335
China,2022,0,0
"Coreia do Sul, República",2022,0,0
Croácia,2022,887,35563
Emirados Árabes Unidos,2022,0,0
Eslovênia,2022,31509,127726
Eslováquia,2022,0,0
Espanha,2022,6487047,17187749
Estados Unidos,2022,393211,3023220
França,2022,4911903,25955232
Geórgia,2022,12506,26983
"Geórgia do Sul e Sandwich do Sul, Ilhas",2022,1788,2797
Grécia,2022,45440,148515
Hong Kong,2022,0,0
Hungria,2022,29260,160168
Indonesia,2022,0,0
Irlanda,2022,0,0
Israel,2022,19589,82489
Itália,2022,9622119,33330465
Japão,2022,0,0
Iugoslavia,2022,0,0
Líbano,2022,30149,182548
Luxemburgo,2022,0,0
Macedônia,2022,0,0
Marrocos,2022,13932,46497
México,2022,0,0
Moldávia,2022,38336,70282
Montenegro,2022,0,0
Noruega,2022,0,0
Nova Zelândia,2022,52265,403597
Paises Baixos (Holanda),2022,0,0
Panamá,2022,0,0
Peru,2022,17861,84084
Porto Rico,2022,0,0
Portugal,2022,24108787,64795326
Reino Unido,2022,1655,19595
Republica Dominicana,2022,0,0
Romênia,2022,47715,99616
Rússia,2022,0,0
San Marino,2022,0,0
Sérvia,2022,0,0
Síria,2022,1094,5187
Suíça,2022,0,0
"Tcheca, República",2022,4950,12044
Tunísia,2022,0,0
Turquia,2022,22087,38817
Ucrânia,2022,0,0
Uruguai,2022,3394161,9867675
Não consta na tabela,2022,0,0
Não declarados,2022,0,0
Outros,2022,0,0
