country,year,liters,value,name
Africa do Sul,1970,0,0,South Africa
Alemanha,1970,52297,30498,Germany
Argélia,1970,0,0,Algeria
Arábia Saudita,1970,0,0,Saudi Arabia
Argentina,1970,19525,12260,Argentina
Austrália,1970,0,0,Australia
Áustria,1970,1328,707,Austria
Bélgica,1970,0,0,Belgium
Bolívia,1970,0,0,Bolivia
Brasil,1970,0,0,Brazil
Bulgária,1970,0,0,Bulgaria
Canada,1970,0,0,
Chile,1970,162370,101819,Chile
China,1970,0,0,China
"Coreia do Sul, República",1970,0,0,
Croácia,1970,0,0,Croatia
Emirados Árabes Unidos,1970,0,0,United Arab Emirates
Eslovênia,1970,0,0,Slovenia
Eslováquia,1970,0,0,Slovakia
Espanha,1970,261126,90159,Spain
Estados Unidos,1970,0,0,United States
França,1970,91544,78135,France
Geórgia,1970,0,0,Georgia
Grécia,1970,0,0,Greece
Hungria,1970,0,0,Hungary
Indonesia,1970,0,0,
Irlanda,1970,0,0,Ireland
Israel,1970,0,0,Israel
Itália,1970,58802,32376,Italy
Japão,1970,0,0,Japan
Iugoslavia,1970,702,326,
Líbano,1970,0,0,Lebanon
Luxemburgo,1970,0,0,Luxembourg
Macedônia,1970,0,0,Macedonia
Marrocos,1970,0,0,Morocco
México,1970,0,0,Mexico
Montenegro,1970,0,0,Montenegro
Noruega,1970,0,0,Norway
Nova Zelândia,1970,0,0,New Zealand
Paises Baixos (Holanda),1970,0,0,
Panamá,1970,0,0,Panama
Peru,1970,0,0,Peru
Porto Rico,1970,0,0,Puerto Rico
Portugal,1970,785609,531480,Portugal
Reino Unido,1970,0,0,United Kingdom
Republica Dominicana,1970,0,0,
Romênia,1970,0,0,Romania
Rússia,1970,0,0,Russia
Síria,1970,0,0,Syria
Suíça,1970,0,0,Switzerland
Tunísia,1970,0,0,Tunisia
Turquia,1970,0,0,Turkey
Ucrânia,1970,0,0,Ukraine
Uruguai,1970,5767,1871,Uruguay
Não consta na tabela,1970,0,0,
Não declarados,1970,0,0,
Outros,1970,5508,4255,
Africa do Sul,1971,0,0,South Africa
Alemanha,1971,34606,26027,Germany
Argélia,1971,0,0,Algeria
Arábia Saudita,1971,0,0,Saudi Arabia
Argentina,1971,24942,15022,Argentina
Austrália,1971,0,0,Australia
Áustria,1971,0,0,Austria
Bélgica,1971,0,0,Belgium
Bolívia,1971,0,0,Bolivia
Brasil,1971,0,0,Brazil
Bulgária,1971,0,0,Bulgaria
Canada,1971,0,0,
Chile,1971,74406,52240,Chile
China,1971,0,0,China
"Coreia do Sul, República",1971,0,0,
Croácia,1971,0,0,Croatia
Emirados Árabes Unidos,1971,0,0,United Arab Emirates
Eslovênia,1971,0,0,Slovenia
Eslováquia,1971,0,0,Slovakia
Espanha,1971,140507,50191,Spain
Estados Unidos,1971,915,190,United States
França,1971,88714,72978,France
Geórgia,1971,0,0,Georgia
Grécia,1971,0,0,Greece
Hungria,1971,0,0,Hungary
Indonesia,1971,0,0,
Irlanda,1971,0,0,Ireland
Israel,1971,0,0,Israel
Itália,1971,108409,56377,Italy
Japão,1971,0,0,Japan
Iugoslavia,1971,640,375,
Líbano,1971,0,0,Lebanon
Luxemburgo,1971,0,0,Luxembourg
Macedônia,1971,0,0,Macedonia
Marrocos,1971,0,0,Morocco
México,1971,0,0,Mexico
Montenegro,1971,0,0,Montenegro
Noruega,1971,0,0,Norway
Nova Zelândia,1971,0,0,New Zealand
Paises Baixos (Holanda),1971,0,0,
Panamá,1971,0,0,Panama
Peru,1971,0,0,Peru
Porto Rico,1971,0,0,Puerto Rico
Portugal,1971,897310,620790,Portugal
Reino Unido,1971,0,0,United Kingdom
Republica Dominicana,1971,0,0,
Romênia,1971,0,0,Romania
Rússia,1971,0,0,Russia
Síria,1971,0,0,Syria
Suíça,1971,0,0,Switzerland
Tunísia,1971,0,0,Tunisia
Turquia,1971,0,0,Turkey
Ucrânia,1971,0,0,Ukraine
Uruguai,1971,1917,636,Uruguay
Não consta na tabela,1971,0,0,
Não declarados,1971,0,0,
Outros,1971,77789,42028,
Africa do Sul,1972,0,0,South Africa
Alemanha,1972,134438,92103,Germany
Argélia,1972,0,0,Algeria
Arábia Saudita,1972,0,0,Saudi Arabia
Argentina,1972,104906,58137,Argentina
Austrália,1972,0,0,Australia
Áustria,1972,353,520,Austria
Bélgica,1972,0,0,Belgium
Bolívia,1972,0,0,Bolivia
Brasil,1972,0,0,Brazil
Bulgária,1972,0,0,Bulgaria
Canada,1972,0,0,
Chile,1972,161736,95654,Chile
China,1972,0,0,China
"Coreia do Sul, República",1972,0,0,
Croácia,1972,0,0,Croatia
Emirados Árabes Unidos,1972,0,0,United Arab Emirates
Eslovênia,1972,0,0,Slovenia
Eslováquia,1972,0,0,Slovakia
Espanha,1972,300582,116710,Spain
Estados Unidos,1972,2156,1337,United States
França,1972,176688,173001,France
Geórgia,1972,0,0,Georgia
Grécia,1972,0,0,Greece
Hungria,1972,0,0,Hungary
Indonesia,1972,0,0,
Irlanda,1972,0,0,Ireland
Israel,1972,0,0,Israel
Itália,1972,142196,96943,Italy
Japão,1972,0,0,Japan
Iugoslavia,1972,1824,1137,
Líbano,1972,0,0,Lebanon
Luxemburgo,1972,0,0,Luxembourg
Macedônia,1972,0,0,Macedonia
Marrocos,1972,0,0,Morocco
México,1972,0,0,Mexico
Montenegro,1972,0,0,Montenegro
Noruega,1972,0,0,Norway
Nova Zelândia,1972,0,0,New Zealand
Paises Baixos (Holanda),1972,0,0,
Panamá,1972,0,0,Panama
Peru,1972,0,0,Peru
Porto Rico,1972,0,0,Puerto Rico
Portugal,1972,1650727,1226232,Portugal
Reino Unido,1972,0,0,United Kingdom
Republica Dominicana,1972,0,0,
Romênia,1972,0,0,Romania
Rússia,1972,0,0,Russia
Síria,1972,0,0,Syria
Suíça,1972,0,0,Switzerland
Tunísia,1972,0,0,Tunisia
Turquia,1972,0,0,Turkey
Ucrânia,1972,0,0,Ukraine
Uruguai,1972,7394,2741,Uruguay
Não consta na tabela,1972,0,0,
Não declarados,1972,0,0,
Outros,1972,79052,25032,
Africa do Sul,1973,0,0,South Africa
Alemanha,1973,111523,98638,Germany
Argélia,1973,0,0,Algeria
Arábia Saudita,1973,0,0,Saudi Arabia
Argentina,1973,116887,76121,Argentina
Austrália,1973,0,0,Australia
Áustria,1973,2310,2081,Austria
Bélgica,1973,0,0,Belgium
Bolívia,1973,0,0,Bolivia
Brasil,1973,0,0,Brazil
Bulgária,1973,0,0,Bulgaria
Canada,1973,0,0,
Chile,1973,301559,212140,Chile
China,1973,0,0,China
"Coreia do Sul, República",1973,0,0,
Croácia,1973,0,0,Croatia
Emirados Árabes Unidos,1973,0,0,United Arab Emirates
Eslovênia,1973,0,0,Slovenia
Eslováquia,1973,0,0,Slovakia
Espanha,1973,226805,117135,Spain
Estados Unidos,1973,0,0,United States
França,1973,259060,435641,France
Geórgia,1973,0,0,Georgia
Grécia,1973,0,0,Greece
Hungria,1973,0,0,Hungary
Indonesia,1973,0,0,
Irlanda,1973,0,0,Ireland
Israel,1973,0,0,Israel
Itália,1973,258754,186334,Italy
Japão,1973,0,0,Japan
Iugoslavia,1973,1251,813,
Líbano,1973,0,0,Lebanon
Luxemburgo,1973,0,0,Luxembourg
Macedônia,1973,0,0,Macedonia
Marrocos,1973,0,0,Morocco
México,1973,0,0,Mexico
Montenegro,1973,0,0,Montenegro
Noruega,1973,0,0,Norway
Nova Zelândia,1973,0,0,New Zealand
Paises Baixos (Holanda),1973,0,0,
Panamá,1973,0,0,Panama
Peru,1973,0,0,Peru
Porto Rico,1973,0,0,Puerto Rico
Portugal,1973,2818320,2238637,Portugal
Reino Unido,1973,0,0,United Kingdom
Republica Dominicana,1973,0,0,
Romênia,1973,0,0,Romania
Rússia,1973,0,0,Russia
Síria,1973,0,0,Syria
Suíça,1973,0,0,Switzerland
Tunísia,1973,0,0,Tunisia
Turquia,1973,0,0,Turkey
Ucrânia,1973,0,0,Ukraine
Uruguai,1973,0,0,Uruguay
Não consta na tabela,1973,0,0,
Não declarados,1973,0,0,
Outros,1973,4306,5775,
Africa do Sul,1974,0,0,South Africa
Alemanha,1974,219173,202502,Germany
Argélia,1974,0,0,Algeria
Arábia Saudita,1974,0,0,Saudi Arabia
Argentina,1974,215930,167473,Argentina
Austrália,1974,0,0,Australia
Áustria,1974,5301,7394,Austria
Bélgica,1974,0,0,Belgium
Bolívia,1974,0,0,Bolivia
Brasil,1974,0,0,Brazil
Bulgária,1974,0,0,Bulgaria
Canada,1974,0,0,
Chile,1974,550691,429885,Chile
China,1974,0,0,China
"Coreia do Sul, República",1974,0,0,
Croácia,1974,0,0,Croatia
Emirados Árabes Unidos,1974,0,0,United Arab Emirates
Eslovênia,1974,0,0,Slovenia
Eslováquia,1974,0,0,Slovakia
Espanha,1974,362577,215208,Spain
Estados Unidos,1974,0,0,United States
França,1974,316584,465175,France
Geórgia,1974,0,0,Georgia
Grécia,1974,0,0,Greece
Hungria,1974,0,0,Hungary
Indonesia,1974,0,0,
Irlanda,1974,0,0,Ireland
Israel,1974,0,0,Israel
Itália,1974,305763,278089,Italy
Japão,1974,0,0,Japan
Iugoslavia,1974,2520,1804,
Líbano,1974,0,0,Lebanon
Luxemburgo,1974,0,0,Luxembourg
Macedônia,1974,0,0,Macedonia
Marrocos,1974,0,0,Morocco
México,1974,0,0,Mexico
Montenegro,1974,0,0,Montenegro
Noruega,1974,0,0,Norway
Nova Zelândia,1974,0,0,New Zealand
Paises Baixos (Holanda),1974,0,0,
Panamá,1974,0,0,Panama
Peru,1974,0,0,Peru
Porto Rico,1974,0,0,Puerto Rico
Portugal,1974,2245288,1917710,Portugal
Reino Unido,1974,0,0,United Kingdom
Republica Dominicana,1974,0,0,
Romênia,1974,0,0,Romania
Rússia,1974,0,0,Russia
Síria,1974,0,0,Syria
Suíça,1974,0,0,Switzerland
Tunísia,1974,0,0,Tunisia
Turquia,1974,0,0,Turkey
Ucrânia,1974,0,0,Ukraine
Uruguai,1974,0,0,Uruguay
Não consta na tabela,1974,0,0,
Não declarados,1974,0,0,
Outros,1974,21501,28163,
Africa do Sul,1975,0,0,South Africa
Alemanha,1975,134354,149931,Germany
Argélia,1975,0,0,Algeria
Arábia Saudita,1975,0,0,Saudi Arabia
Argentina,1975,145823,90855,Argentina
Austrália,1975,0,0,Australia
Áustria,1975,8835,5560,Austria
Bélgica,1975,0,0,Belgium
Bolívia,1975,0,0,Bolivia
Brasil,1975,0,0,Brazil
Bulgária,1975,0,0,Bulgaria
Canada,1975,0,0,
Chile,1975,952233,764780,Chile
China,1975,0,0,China
"Coreia do Sul, República",1975,0,0,
Croácia,1975,0,0,Croatia
Emirados Árabes Unidos,1975,0,0,United Arab Emirates
Eslovênia,1975,0,0,Slovenia
Eslováquia,1975,0,0,Slovakia
Espanha,1975,174608,123102,Spain
Estados Unidos,1975,965,3761,United States
França,1975,191546,278746,France
Geórgia,1975,0,0,Georgia
Grécia,1975,0,0,Greece
Hungria,1975,0,0,Hungary
Indonesia,1975,0,0,
Irlanda,1975,0,0,Ireland
Israel,1975,0,0,Israel
Itália,1975,250541,244731,Italy
Japão,1975,0,0,Japan
Iugoslavia,1975,7969,5128,
Líbano,1975,0,0,Lebanon
Luxemburgo,1975,0,0,Luxembourg
Macedônia,1975,0,0,Macedonia
Marrocos,1975,0,0,Morocco
México,1975,0,0,Mexico
Montenegro,1975,0,0,Montenegro
Noruega,1975,0,0,Norway
Nova Zelândia,1975,0,0,New Zealand
Paises Baixos (Holanda),1975,0,0,
Panamá,1975,0,0,Panama
Peru,1975,0,0,Peru
Porto Rico,1975,0,0,Puerto Rico
Portugal,1975,2192004,1838430,Portugal
Reino Unido,1975,0,0,United Kingdom
Republica Dominicana,1975,0,0,
Romênia,1975,0,0,Romania
Rússia,1975,0,0,Russia
Síria,1975,0,0,Syria
Suíça,1975,0,0,Switzerland
Tunísia,1975,0,0,Tunisia
Turquia,1975,0,0,Turkey
Ucrânia,1975,0,0,Ukraine
Uruguai,1975,0,0,Uruguay
Não consta na tabela,1975,0,0,
Não declarados,1975,0,0,
Outros,1975,18132,13989,
Africa do Sul,1976,0,0,South Africa
Alemanha,1976,168134,171308,Germany
Argélia,1976,0,0,Algeria
Arábia Saudita,1976,0,0,Saudi Arabia
Argentina,1976,348653,277507,Argentina
Austrália,1976,0,0,Australia
Áustria,1976,0,0,Austria
Bélgica,1976,0,0,Belgium
Bolívia,1976,0,0,Bolivia
Brasil,1976,0,0,Brazil
Bulgária,1976,0,0,Bulgaria
Canada,1976,0,0,
Chile,1976,2175650,1574474,Chile
China,1976,0,0,China
"Coreia do Sul, República",1976,0,0,
Croácia,1976,0,0,Croatia
Emirados Árabes Unidos,1976,0,0,United Arab Emirates
Eslovênia,1976,0,0,Slovenia
Eslováquia,1976,0,0,Slovakia
Espanha,1976,52474,41000,Spain
Estados Unidos,1976,1800,2575,United States
França,1976,284613,423696,France
Geórgia,1976,0,0,Georgia
Grécia,1976,0,0,Greece
Hungria,1976,0,0,Hungary
Indonesia,1976,0,0,
Irlanda,1976,0,0,Ireland
Israel,1976,0,0,Israel
Itália,1976,304377,276633,Italy
Japão,1976,0,0,Japan
Iugoslavia,1976,2100,1870,
Líbano,1976,0,0,Lebanon
Luxemburgo,1976,0,0,Luxembourg
Macedônia,1976,0,0,Macedonia
Marrocos,1976,0,0,Morocco
México,1976,0,0,Mexico
Montenegro,1976,0,0,Montenegro
Noruega,1976,0,0,Norway
Nova Zelândia,1976,0,0,New Zealand
Paises Baixos (Holanda),1976,0,0,
Panamá,1976,0,0,Panama
Peru,1976,0,0,Peru
Porto Rico,1976,0,0,Puerto Rico
Portugal,1976,2284423,1872573,Portugal
Reino Unido,1976,0,0,United Kingdom
Republica Dominicana,1976,0,0,
Romênia,1976,0,0,Romania
Rússia,1976,0,0,Russia
Síria,1976,0,0,Syria
Suíça,1976,0,0,Switzerland
Tunísia,1976,0,0,Tunisia
Turquia,1976,0,0,Turkey
Ucrânia,1976,0,0,Ukraine
Uruguai,1976,0,0,Uruguay
Não consta na tabela,1976,0,0,
Não declarados,1976,0,0,
Outros,1976,10200,7884,
Africa do Sul,1977,0,0,South Africa
Alemanha,1977,160926,201840,Germany
Argélia,1977,0,0,Algeria
Arábia Saudita,1977,0,0,Saudi Arabia
Argentina,1977,408399,395615,Argentina
Austrália,1977,0,0,Australia
Áustria,1977,0,0,Austria
Bélgica,1977,0,0,Belgium
Bolívia,1977,0,0,Bolivia
Brasil,1977,0,0,Brazil
Bulgária,1977,0,0,Bulgaria
Canada,1977,0,0,
Chile,1977,2593464,1962448,Chile
China,1977,0,0,China
"Coreia do Sul, República",1977,0,0,
Croácia,1977,0,0,Croatia
Emirados Árabes Unidos,1977,0,0,United Arab Emirates
Eslovênia,1977,0,0,Slovenia
Eslováquia,1977,0,0,Slovakia
Espanha,1977,105667,98238,Spain
Estados Unidos,1977,2250,3275,United States
França,1977,322033,476983,France
Geórgia,1977,0,0,Georgia
Grécia,1977,0,0,Greece
Hungria,1977,0,0,Hungary
Indonesia,1977,0,0,
Irlanda,1977,0,0,Ireland
Israel,1977,0,0,Israel
Itália,1977,348461,349392,Italy
Japão,1977,0,0,Japan
Iugoslavia,1977,1764,1570,
Líbano,1977,0,0,Lebanon
Luxemburgo,1977,0,0,Luxembourg
Macedônia,1977,0,0,Macedonia
Marrocos,1977,0,0,Morocco
México,1977,0,0,Mexico
Montenegro,1977,0,0,Montenegro
Noruega,1977,0,0,Norway
Nova Zelândia,1977,0,0,New Zealand
Paises Baixos (Holanda),1977,0,0,
Panamá,1977,0,0,Panama
Peru,1977,0,0,Peru
Porto Rico,1977,0,0,Puerto Rico
Portugal,1977,2132582,1847604,Portugal
Reino Unido,1977,0,0,United Kingdom
Republica Dominicana,1977,0,0,
Romênia,1977,0,0,Romania
Rússia,1977,0,0,Russia
Síria,1977,0,0,Syria
Suíça,1977,0,0,Switzerland
Tunísia,1977,0,0,Tunisia
Turquia,1977,0,0,Turkey
Ucrânia,1977,0,0,Ukraine
Uruguai,1977,24191,33975,Uruguay
Não consta na tabela,1977,0,0,
Não declarados,1977,0,0,
Outros,1977,450,642,
Africa do Sul,1978,0,0,South Africa
Alemanha,1978,437831,668631,Germany
Argélia,1978,0,0,Algeria
Arábia Saudita,1978,0,0,Saudi Arabia
Argentina,1978,614134,709813,Argentina
Austrália,1978,0,0,Australia
Áustria,1978,600,386,Austria
Bélgica,1978,0,0,Belgium
Bolívia,1978,0,0,Bolivia
Brasil,1978,0,0,Brazil
Bulgária,1978,0,0,Bulgaria
Canada,1978,0,0,
Chile,1978,3742918,3415769,Chile
China,1978,0,0,China
"Coreia do Sul, República",1978,0,0,
Croácia,1978,0,0,Croatia
Emirados Árabes Unidos,1978,0,0,United Arab Emirates
Eslovênia,1978,0,0,Slovenia
Eslováquia,1978,0,0,Slovakia
Espanha,1978,87767,75364,Spain
Estados Unidos,1978,58050,67752,United States
França,1978,355292,633098,France
Geórgia,1978,0,0,Georgia
Grécia,1978,0,0,Greece
Hungria,1978,0,0,Hungary
Indonesia,1978,0,0,
Irlanda,1978,0,0,Ireland
Israel,1978,0,0,Israel
Itália,1978,250535,268114,Italy
Japão,1978,0,0,Japan
Iugoslavia,1978,1764,1630,
Líbano,1978,0,0,Lebanon
Luxemburgo,1978,0,0,Luxembourg
Macedônia,1978,0,0,Macedonia
Marrocos,1978,0,0,Morocco
México,1978,0,0,Mexico
Montenegro,1978,0,0,Montenegro
Noruega,1978,0,0,Norway
Nova Zelândia,1978,0,0,New Zealand
Paises Baixos (Holanda),1978,0,0,
Panamá,1978,0,0,Panama
Peru,1978,0,0,Peru
Porto Rico,1978,0,0,Puerto Rico
Portugal,1978,2763298,2706030,Portugal
Reino Unido,1978,0,0,United Kingdom
Republica Dominicana,1978,0,0,
Romênia,1978,0,0,Romania
Rússia,1978,0,0,Russia
Síria,1978,0,0,Syria
Suíça,1978,0,0,Switzerland
Tunísia,1978,0,0,Tunisia
Turquia,1978,0,0,Turkey
Ucrânia,1978,0,0,Ukraine
Uruguai,1978,32371,33900,Uruguay
Não consta na tabela,1978,0,0,
Não declarados,1978,0,0,
Outros,1978,1347,1210,
Africa do Sul,1979,0,0,South Africa
Alemanha,1979,433478,691404,Germany
Argélia,1979,0,0,Algeria
Arábia Saudita,1979,0,0,Saudi Arabia
Argentina,1979,646978,888941,Argentina
Austrália,1979,0,0,Australia
Áustria,1979,4250,3756,Austria
Bélgica,1979,0,0,Belgium
Bolívia,1979,0,0,Bolivia
Brasil,1979,0,0,Brazil
Bulgária,1979,0,0,Bulgaria
Canada,1979,0,0,
Chile,1979,4235991,4315227,Chile
China,1979,0,0,China
"Coreia do Sul, República",1979,0,0,
Croácia,1979,0,0,Croatia
Emirados Árabes Unidos,1979,0,0,United Arab Emirates
Eslovênia,1979,0,0,Slovenia
Eslováquia,1979,0,0,Slovakia
Espanha,1979,103825,92476,Spain
Estados Unidos,1979,32400,36360,United States
França,1979,458369,795004,France
Geórgia,1979,0,0,Georgia
Grécia,1979,0,0,Greece
Hungria,1979,0,0,Hungary
Indonesia,1979,0,0,
Irlanda,1979,0,0,Ireland
Israel,1979,0,0,Israel
Itália,1979,407274,562726,Italy
Japão,1979,0,0,Japan
Iugoslavia,1979,2100,2050,
Líbano,1979,0,0,Lebanon
Luxemburgo,1979,0,0,Luxembourg
Macedônia,1979,0,0,Macedonia
Marrocos,1979,0,0,Morocco
México,1979,0,0,Mexico
Montenegro,1979,0,0,Montenegro
Noruega,1979,0,0,Norway
Nova Zelândia,1979,0,0,New Zealand
Paises Baixos (Holanda),1979,0,0,
Panamá,1979,0,0,Panama
Peru,1979,0,0,Peru
Porto Rico,1979,0,0,Puerto Rico
Portugal,1979,2823760,3493450,Portugal
Reino Unido,1979,0,0,United Kingdom
Republica Dominicana,1979,0,0,
Romênia,1979,0,0,Romania
Rússia,1979,0,0,Russia
Síria,1979,0,0,Syria
Suíça,1979,0,0,Switzerland
Tunísia,1979,0,0,Tunisia
Turquia,1979,0,0,Turkey
Ucrânia,1979,0,0,Ukraine
Uruguai,1979,13320,22900,Uruguay
Não consta na tabela,1979,0,0,
Não declarados,1979,0,0,
Outros,1979,2411,2614,
Africa do Sul,1980,0,0,South Africa
Alemanha,1980,457033,704307,Germany
Argélia,1980,0,0,Algeria
Arábia Saudita,1980,0,0,Saudi Arabia
Argentina,1980,298471,479464,Argentina
Austrália,1980,0,0,Australia
Áustria,1980,2385,5878,Austria
Bélgica,1980,0,0,Belgium
Bolívia,1980,0,0,Bolivia
Brasil,1980,0,0,Brazil
Bulgária,1980,0,0,Bulgaria
Canada,1980,0,0,
Chile,1980,2568586,3199365,Chile
China,1980,0,0,China
"Coreia do Sul, República",1980,0,0,
Croácia,1980,0,0,Croatia
Emirados Árabes Unidos,1980,0,0,United Arab Emirates
Eslovênia,1980,0,0,Slovenia
Eslováquia,1980,0,0,Slovakia
Espanha,1980,111381,109277,Spain
Estados Unidos,1980,32400,36720,United States
França,1980,248038,508338,France
Geórgia,1980,0,0,Georgia
Grécia,1980,0,0,Greece
Hungria,1980,0,0,Hungary
Indonesia,1980,0,0,
Irlanda,1980,0,0,Ireland
Israel,1980,0,0,Israel
Itália,1980,217226,283635,Italy
Japão,1980,0,0,Japan
Iugoslavia,1980,0,0,
Líbano,1980,0,0,Lebanon
Luxemburgo,1980,0,0,Luxembourg
Macedônia,1980,0,0,Macedonia
Marrocos,1980,0,0,Morocco
México,1980,0,0,Mexico
Montenegro,1980,0,0,Montenegro
Noruega,1980,0,0,Norway
Nova Zelândia,1980,0,0,New Zealand
Paises Baixos (Holanda),1980,0,0,
Panamá,1980,0,0,Panama
Peru,1980,0,0,Peru
Porto Rico,1980,0,0,Puerto Rico
Portugal,1980,1601931,2146952,Portugal
Reino Unido,1980,0,0,United Kingdom
Republica Dominicana,1980,0,0,
Romênia,1980,0,0,Romania
Rússia,1980,0,0,Russia
Síria,1980,0,0,Syria
Suíça,1980,0,0,Switzerland
Tunísia,1980,0,0,Tunisia
Turquia,1980,0,0,Turkey
Ucrânia,1980,0,0,Ukraine
Uruguai,1980,8880,16800,Uruguay
Não consta na tabela,1980,0,0,
Não declarados,1980,0,0,
Outros,1980,10446,10543,
Africa do Sul,1981,0,0,South Africa
Alemanha,1981,707194,853830,Germany
Argélia,1981,0,0,Algeria
Arábia Saudita,1981,0,0,Saudi Arabia
Argentina,1981,131738,209173,Argentina
Austrália,1981,0,0,Australia
Áustria,1981,0,0,Austria
Bélgica,1981,0,0,Belgium
Bolívia,1981,0,0,Bolivia
Brasil,1981,0,0,Brazil
Bulgária,1981,0,0,Bulgaria
Canada,1981,0,0,
Chile,1981,1647720,2344875,Chile
China,1981,0,0,China
"Coreia do Sul, República",1981,0,0,
Croácia,1981,0,0,Croatia
Emirados Árabes Unidos,1981,0,0,United Arab Emirates
Eslovênia,1981,0,0,Slovenia
Eslováquia,1981,0,0,Slovakia
Espanha,1981,56316,59696,Spain
Estados Unidos,1981,28350,33443,United States
França,1981,303063,479427,France
Geórgia,1981,0,0,Georgia
Grécia,1981,0,0,Greece
Hungria,1981,0,0,Hungary
Indonesia,1981,0,0,
Irlanda,1981,0,0,Ireland
Israel,1981,0,0,Israel
Itália,1981,178772,222760,Italy
Japão,1981,0,0,Japan
Iugoslavia,1981,0,0,
Líbano,1981,0,0,Lebanon
Luxemburgo,1981,0,0,Luxembourg
Macedônia,1981,0,0,Macedonia
Marrocos,1981,0,0,Morocco
México,1981,0,0,Mexico
Montenegro,1981,0,0,Montenegro
Noruega,1981,0,0,Norway
Nova Zelândia,1981,0,0,New Zealand
Paises Baixos (Holanda),1981,0,0,
Panamá,1981,0,0,Panama
Peru,1981,0,0,Peru
Porto Rico,1981,0,0,Puerto Rico
Portugal,1981,933906,1271300,Portugal
Reino Unido,1981,0,0,United Kingdom
Republica Dominicana,1981,0,0,
Romênia,1981,0,0,Romania
Rússia,1981,0,0,Russia
Síria,1981,0,0,Syria
Suíça,1981,0,0,Switzerland
Tunísia,1981,0,0,Tunisia
Turquia,1981,0,0,Turkey
Ucrânia,1981,0,0,Ukraine
Uruguai,1981,0,0,Uruguay
Não consta na tabela,1981,0,0,
Não declarados,1981,0,0,
Outros,1981,17133,17869,
Africa do Sul,1982,0,0,South Africa
Alemanha,1982,996948,1126928,Germany
Argélia,1982,0,0,Algeria
Arábia Saudita,1982,0,0,Saudi Arabia
Argentina,1982,191972,264487,Argentina
Austrália,1982,0,0,Australia
Áustria,1982,0,0,Austria
Bélgica,1982,0,0,Belgium
Bolívia,1982,0,0,Bolivia
Brasil,1982,0,0,Brazil
Bulgária,1982,0,0,Bulgaria
Canada,1982,0,0,
Chile,1982,786016,1124272,Chile
China,1982,0,0,China
"Coreia do Sul, República",1982,0,0,
Croácia,1982,0,0,Croatia
Emirados Árabes Unidos,1982,0,0,United Arab Emirates
Eslovênia,1982,0,0,Slovenia
Eslováquia,1982,0,0,Slovakia
Espanha,1982,119748,104790,Spain
Estados Unidos,1982,40563,52983,United States
França,1982,313977,424752,France
Geórgia,1982,0,0,Georgia
Grécia,1982,0,0,Greece
Hungria,1982,0,0,Hungary
Indonesia,1982,0,0,
Irlanda,1982,0,0,Ireland
Israel,1982,0,0,Israel
Itália,1982,284440,322430,Italy
Japão,1982,0,0,Japan
Iugoslavia,1982,1350,1650,
Líbano,1982,0,0,Lebanon
Luxemburgo,1982,0,0,Luxembourg
Macedônia,1982,0,0,Macedonia
Marrocos,1982,0,0,Morocco
México,1982,0,0,Mexico
Montenegro,1982,0,0,Montenegro
Noruega,1982,0,0,Norway
Nova Zelândia,1982,0,0,New Zealand
Paises Baixos (Holanda),1982,0,0,
Panamá,1982,0,0,Panama
Peru,1982,0,0,Peru
Porto Rico,1982,0,0,Puerto Rico
Portugal,1982,1074983,1258983,Portugal
Reino Unido,1982,0,0,United Kingdom
Republica Dominicana,1982,0,0,
Romênia,1982,0,0,Romania
Rússia,1982,0,0,Russia
Síria,1982,0,0,Syria
Suíça,1982,0,0,Switzerland
Tunísia,1982,0,0,Tunisia
Turquia,1982,0,0,Turkey
Ucrânia,1982,0,0,Ukraine
Uruguai,1982,0,0,Uruguay
Não consta na tabela,1982,0,0,
Não declarados,1982,0,0,
Outros,1982,22104,30505,
Africa do Sul,1983,0,0,South Africa
Alemanha,1983,850055,908380,Germany
Argélia,1983,0,0,Algeria
Arábia Saudita,1983,0,0,Saudi Arabia
Argentina,1983,132634,188625,Argentina
Austrália,1983,0,0,Australia
Áustria,1983,8400,7581,Austria
Bélgica,1983,0,0,Belgium
Bolívia,1983,0,0,Bolivia
Brasil,1983,0,0,Brazil
Bulgária,1983,0,0,Bulgaria
Canada,1983,0,0,
Chile,1983,598657,781217,Chile
China,1983,0,0,China
"Coreia do Sul, República",1983,0,0,
Croácia,1983,0,0,Croatia
Emirados Árabes Unidos,1983,0,0,United Arab Emirates
Eslovênia,1983,0,0,Slovenia
Eslováquia,1983,0,0,Slovakia
Espanha,1983,65961,60450,Spain
Estados Unidos,1983,21654,24570,United States
França,1983,267008,329128,France
Geórgia,1983,0,0,Georgia
Grécia,1983,0,0,Greece
Hungria,1983,0,0,Hungary
Indonesia,1983,0,0,
Irlanda,1983,0,0,Ireland
Israel,1983,0,0,Israel
Itália,1983,266333,308260,Italy
Japão,1983,0,0,Japan
Iugoslavia,1983,0,0,
Líbano,1983,0,0,Lebanon
Luxemburgo,1983,0,0,Luxembourg
Macedônia,1983,0,0,Macedonia
Marrocos,1983,0,0,Morocco
México,1983,0,0,Mexico
Montenegro,1983,0,0,Montenegro
Noruega,1983,0,0,Norway
Nova Zelândia,1983,0,0,New Zealand
Paises Baixos (Holanda),1983,0,0,
Panamá,1983,0,0,Panama
Peru,1983,0,0,Peru
Porto Rico,1983,0,0,Puerto Rico
Portugal,1983,1189656,1338370,Portugal
Reino Unido,1983,0,0,United Kingdom
Republica Dominicana,1983,0,0,
Romênia,1983,0,0,Romania
Rússia,1983,0,0,Russia
Síria,1983,0,0,Syria
Suíça,1983,0,0,Switzerland
Tunísia,1983,0,0,Tunisia
Turquia,1983,0,0,Turkey
Ucrânia,1983,0,0,Ukraine
Uruguai,1983,0,0,Uruguay
Não consta na tabela,1983,0,0,
Não declarados,1983,0,0,
Outros,1983,6738,5862,
Africa do Sul,1984,0,0,South Africa
Alemanha,1984,586645,564129,Germany
Argélia,1984,0,0,Algeria
Arábia Saudita,1984,0,0,Saudi Arabia
Argentina,1984,42438,64603,Argentina
Austrália,1984,0,0,Australia
Áustria,1984,0,0,Austria
Bélgica,1984,0,0,Belgium
Bolívia,1984,0,0,Bolivia
Brasil,1984,0,0,Brazil
Bulgária,1984,0,0,Bulgaria
Canada,1984,0,0,
Chile,1984,490217,527176,Chile
China,1984,0,0,China
"Coreia do Sul, República",1984,0,0,
Croácia,1984,0,0,Croatia
Emirados Árabes Unidos,1984,0,0,United Arab Emirates
Eslovênia,1984,0,0,Slovenia
Eslováquia,1984,0,0,Slovakia
Espanha,1984,7200,8421,Spain
Estados Unidos,1984,0,0,United States
França,1984,117087,138156,France
Geórgia,1984,0,0,Georgia
Grécia,1984,0,0,Greece
Hungria,1984,0,0,Hungary
Indonesia,1984,0,0,
Irlanda,1984,0,0,Ireland
Israel,1984,0,0,Israel
Itália,1984,132321,141201,Italy
Japão,1984,0,0,Japan
Iugoslavia,1984,0,0,
Líbano,1984,0,0,Lebanon
Luxemburgo,1984,0,0,Luxembourg
Macedônia,1984,0,0,Macedonia
Marrocos,1984,0,0,Morocco
México,1984,0,0,Mexico
Montenegro,1984,0,0,Montenegro
Noruega,1984,0,0,Norway
Nova Zelândia,1984,0,0,New Zealand
Paises Baixos (Holanda),1984,0,0,
Panamá,1984,0,0,Panama
Peru,1984,0,0,Peru
Porto Rico,1984,0,0,Puerto Rico
Portugal,1984,536706,531515,Portugal
Reino Unido,1984,0,0,United Kingdom
Republica Dominicana,1984,0,0,
Romênia,1984,0,0,Romania
Rússia,1984,0,0,Russia
Síria,1984,0,0,Syria
Suíça,1984,0,0,Switzerland
Tunísia,1984,0,0,Tunisia
Turquia,1984,0,0,Turkey
Ucrânia,1984,0,0,Ukraine
Uruguai,1984,0,0,Uruguay
Não consta na tabela,1984,0,0,
Não declarados,1984,0,0,
Outros,1984,26490,34499,
Africa do Sul,1985,0,0,South Africa
Alemanha,1985,1069717,1122438,Germany
Argélia,1985,0,0,Algeria
Arábia Saudita,1985,0,0,Saudi Arabia
Argentina,1985,114570,164424,Argentina
Austrália,1985,0,0,Australia
Áustria,1985,11830,5016,Austria
Bélgica,1985,0,0,Belgium
Bolívia,1985,0,0,Bolivia
Brasil,1985,0,0,Brazil
Bulgária,1985,0,0,Bulgaria
Canada,1985,0,0,
Chile,1985,1114665,1195151,Chile
China,1985,0,0,China
"Coreia do Sul, República",1985,0,0,
Croácia,1985,0,0,Croatia
Emirados Árabes Unidos,1985,0,0,United Arab Emirates
Eslovênia,1985,0,0,Slovenia
Eslováquia,1985,0,0,Slovakia
Espanha,1985,61924,59833,Spain
Estados Unidos,1985,11025,15805,United States
França,1985,540136,735516,France
Geórgia,1985,0,0,Georgia
Grécia,1985,0,0,Greece
Hungria,1985,0,0,Hungary
Indonesia,1985,0,0,
Irlanda,1985,0,0,Ireland
Israel,1985,0,0,Israel
Itália,1985,327976,385365,Italy
Japão,1985,0,0,Japan
Iugoslavia,1985,14238,11619,
Líbano,1985,0,0,Lebanon
Luxemburgo,1985,0,0,Luxembourg
Macedônia,1985,0,0,Macedonia
Marrocos,1985,0,0,Morocco
México,1985,0,0,Mexico
Montenegro,1985,0,0,Montenegro
Noruega,1985,0,0,Norway
Nova Zelândia,1985,0,0,New Zealand
Paises Baixos (Holanda),1985,0,0,
Panamá,1985,0,0,Panama
Peru,1985,0,0,Peru
Porto Rico,1985,0,0,Puerto Rico
Portugal,1985,1484998,1406897,Portugal
Reino Unido,1985,0,0,United Kingdom
Republica Dominicana,1985,0,0,
Romênia,1985,0,0,Romania
Rússia,1985,0,0,Russia
Síria,1985,0,0,Syria
Suíça,1985,0,0,Switzerland
Tunísia,1985,0,0,Tunisia
Turquia,1985,0,0,Turkey
Ucrânia,1985,0,0,Ukraine
Uruguai,1985,0,0,Uruguay
Não consta na tabela,1985,0,0,
Não declarados,1985,0,0,
Outros,1985,5400,12812,
Africa do Sul,1986,0,0,South Africa
Alemanha,1986,2357113,3008737,Germany
Argélia,1986,0,0,Algeria
Arábia Saudita,1986,0,0,Saudi Arabia
Argentina,1986,170413,242678,Argentina
Austrália,1986,0,0,Australia
Áustria,1986,1740,3508,Austria
Bélgica,1986,0,0,Belgium
Bolívia,1986,0,0,Bolivia
Brasil,1986,0,0,Brazil
Bulgária,1986,0,0,Bulgaria
Canada,1986,0,0,
Chile,1986,1347894,1416109,Chile
China,1986,0,0,China
"Coreia do Sul, República",1986,0,0,
Croácia,1986,0,0,Croatia
Emirados Árabes Unidos,1986,0,0,United Arab Emirates
Eslovênia,1986,0,0,Slovenia
Eslováquia,1986,0,0,Slovakia
Espanha,1986,52429,61130,Spain
Estados Unidos,1986,5796,9218,United States
França,1986,625421,980754,France
Geórgia,1986,0,0,Georgia
Grécia,1986,0,0,Greece
Hungria,1986,0,0,Hungary
Indonesia,1986,0,0,
Irlanda,1986,0,0,Ireland
Israel,1986,0,0,Israel
Itália,1986,430029,601494,Italy
Japão,1986,0,0,Japan
Iugoslavia,1986,0,0,
Líbano,1986,0,0,Lebanon
Luxemburgo,1986,0,0,Luxembourg
Macedônia,1986,0,0,Macedonia
Marrocos,1986,0,0,Morocco
México,1986,0,0,Mexico
Montenegro,1986,0,0,Montenegro
Noruega,1986,0,0,Norway
Nova Zelândia,1986,0,0,New Zealand
Paises Baixos (Holanda),1986,0,0,
Panamá,1986,0,0,Panama
Peru,1986,0,0,Peru
Porto Rico,1986,0,0,Puerto Rico
Portugal,1986,2270772,2258643,Portugal
Reino Unido,1986,0,0,United Kingdom
Republica Dominicana,1986,0,0,
Romênia,1986,0,0,Romania
Rússia,1986,0,0,Russia
Síria,1986,0,0,Syria
Suíça,1986,0,0,Switzerland
Tunísia,1986,0,0,Tunisia
Turquia,1986,0,0,Turkey
Ucrânia,1986,0,0,Ukraine
Uruguai,1986,0,0,Uruguay
Não consta na tabela,1986,0,0,
Não declarados,1986,0,0,
Outros,1986,15717,18768,
Africa do Sul,1987,0,0,South Africa
Alemanha,1987,1307519,1863924,Germany
Argélia,1987,0,0,Algeria
Arábia Saudita,1987,0,0,Saudi Arabia
Argentina,1987,98854,136841,Argentina
Austrália,1987,0,0,Australia
Áustria,1987,2520,7650,Austria
Bélgica,1987,0,0,Belgium
Bolívia,1987,0,0,Bolivia
Brasil,1987,0,0,Brazil
Bulgária,1987,0,0,Bulgaria
Canada,1987,0,0,
Chile,1987,914549,1008445,Chile
China,1987,0,0,China
"Coreia do Sul, República",1987,0,0,
Croácia,1987,0,0,Croatia
Emirados Árabes Unidos,1987,0,0,United Arab Emirates
Eslovênia,1987,0,0,Slovenia
Eslováquia,1987,0,0,Slovakia
Espanha,1987,71472,101606,Spain
Estados Unidos,1987,16517,17965,United States
França,1987,340250,653846,France
Geórgia,1987,0,0,Georgia
Grécia,1987,0,0,Greece
Hungria,1987,0,0,Hungary
Indonesia,1987,0,0,
Irlanda,1987,0,0,Ireland
Israel,1987,0,0,Israel
Itália,1987,306950,467597,Italy
Japão,1987,0,0,Japan
Iugoslavia,1987,17835,14390,
Líbano,1987,0,0,Lebanon
Luxemburgo,1987,0,0,Luxembourg
Macedônia,1987,0,0,Macedonia
Marrocos,1987,0,0,Morocco
México,1987,0,0,Mexico
Montenegro,1987,0,0,Montenegro
Noruega,1987,0,0,Norway
Nova Zelândia,1987,0,0,New Zealand
Paises Baixos (Holanda),1987,0,0,
Panamá,1987,0,0,Panama
Peru,1987,0,0,Peru
Porto Rico,1987,0,0,Puerto Rico
Portugal,1987,1477093,1610041,Portugal
Reino Unido,1987,0,0,United Kingdom
Republica Dominicana,1987,0,0,
Romênia,1987,0,0,Romania
Rússia,1987,0,0,Russia
Síria,1987,0,0,Syria
Suíça,1987,0,0,Switzerland
Tunísia,1987,0,0,Tunisia
Turquia,1987,0,0,Turkey
Ucrânia,1987,0,0,Ukraine
Uruguai,1987,0,0,Uruguay
Não consta na tabela,1987,0,0,
Não declarados,1987,0,0,
Outros,1987,28,40,
Africa do Sul,1988,0,0,South Africa
Alemanha,1988,2029271,2757417,Germany
Argélia,1988,0,0,Algeria
Arábia Saudita,1988,0,0,Saudi Arabia
Argentina,1988,414931,590758,Argentina
Austrália,1988,0,0,Australia
Áustria,1988,1800,7045,Austria
Bélgica,1988,0,0,Belgium
Bolívia,1988,0,0,Bolivia
Brasil,1988,0,0,Brazil
Bulgária,1988,0,0,Bulgaria
Canada,1988,0,0,
Chile,1988,1240065,1474473,Chile
China,1988,0,0,China
"Coreia do Sul, República",1988,0,0,
Croácia,1988,0,0,Croatia
Emirados Árabes Unidos,1988,0,0,United Arab Emirates
Eslovênia,1988,0,0,Slovenia
Eslováquia,1988,0,0,Slovakia
Espanha,1988,67339,108259,Spain
Estados Unidos,1988,6120,7880,United States
França,1988,435573,724549,France
Geórgia,1988,0,0,Georgia
Grécia,1988,0,0,Greece
Hungria,1988,0,0,Hungary
Indonesia,1988,0,0,
Irlanda,1988,0,0,Ireland
Israel,1988,0,0,Israel
Itália,1988,410419,703116,Italy
Japão,1988,0,0,Japan
Iugoslavia,1988,20160,17700,
Líbano,1988,0,0,Lebanon
Luxemburgo,1988,0,0,Luxembourg
Macedônia,1988,0,0,Macedonia
Marrocos,1988,0,0,Morocco
México,1988,0,0,Mexico
Montenegro,1988,0,0,Montenegro
Noruega,1988,0,0,Norway
Nova Zelândia,1988,0,0,New Zealand
Paises Baixos (Holanda),1988,0,0,
Panamá,1988,0,0,Panama
Peru,1988,0,0,Peru
Porto Rico,1988,0,0,Puerto Rico
Portugal,1988,1454323,1884873,Portugal
Reino Unido,1988,0,0,United Kingdom
Republica Dominicana,1988,0,0,
Romênia,1988,0,0,Romania
Rússia,1988,0,0,Russia
Síria,1988,0,0,Syria
Suíça,1988,0,0,Switzerland
Tunísia,1988,0,0,Tunisia
Turquia,1988,0,0,Turkey
Ucrânia,1988,0,0,Ukraine
Uruguai,1988,0,0,Uruguay
Não consta na tabela,1988,0,0,
Não declarados,1988,0,0,
Outros,1988,435,450,
Africa do Sul,1989,0,0,South Africa
Alemanha,1989,2885143,4074739,Germany
Argélia,1989,0,0,Algeria
Arábia Saudita,1989,0,0,Saudi Arabia
Argentina,1989,716062,1153585,Argentina
Austrália,1989,0,0,Australia
Áustria,1989,0,0,Austria
Bélgica,1989,0,0,Belgium
Bolívia,1989,0,0,Bolivia
Brasil,1989,0,0,Brazil
Bulgária,1989,0,0,Bulgaria
Canada,1989,0,0,
Chile,1989,2020687,2675722,Chile
China,1989,0,0,China
"Coreia do Sul, República",1989,0,0,
Croácia,1989,0,0,Croatia
Emirados Árabes Unidos,1989,0,0,United Arab Emirates
Eslovênia,1989,0,0,Slovenia
Eslováquia,1989,0,0,Slovakia
Espanha,1989,54954,130171,Spain
Estados Unidos,1989,14400,53390,United States
França,1989,701300,1422973,France
Geórgia,1989,0,0,Georgia
Grécia,1989,0,0,Greece
Hungria,1989,0,0,Hungary
Indonesia,1989,0,0,
Irlanda,1989,0,0,Ireland
Israel,1989,0,0,Israel
Itália,1989,750290,1341632,Italy
Japão,1989,0,0,Japan
Iugoslavia,1989,17100,19150,
Líbano,1989,0,0,Lebanon
Luxemburgo,1989,0,0,Luxembourg
Macedônia,1989,0,0,Macedonia
Marrocos,1989,0,0,Morocco
México,1989,0,0,Mexico
Montenegro,1989,0,0,Montenegro
Noruega,1989,0,0,Norway
Nova Zelândia,1989,0,0,New Zealand
Paises Baixos (Holanda),1989,0,0,
Panamá,1989,0,0,Panama
Peru,1989,0,0,Peru
Porto Rico,1989,0,0,Puerto Rico
Portugal,1989,1690391,2924935,Portugal
Reino Unido,1989,0,0,United Kingdom
Republica Dominicana,1989,0,0,
Romênia,1989,0,0,Romania
Rússia,1989,0,0,Russia
Síria,1989,0,0,Syria
Suíça,1989,0,0,Switzerland
Tunísia,1989,0,0,Tunisia
Turquia,1989,0,0,Turkey
Ucrânia,1989,0,0,Ukraine
Uruguai,1989,0,0,Uruguay
Não consta na tabela,1989,0,0,
Não declarados,1989,0,0,
Outros,1989,10788,21458,
Africa do Sul,1990,0,0,South Africa
Alemanha,1990,3342223,5875679,Germany
Argélia,1990,0,0,Algeria
Arábia Saudita,1990,0,0,Saudi Arabia
Argentina,1990,455774,721398,Argentina
Austrália,1990,0,0,Australia
Áustria,1990,0,0,Austria
Bélgica,1990,0,0,Belgium
Bolívia,1990,0,0,Bolivia
Brasil,1990,0,0,Brazil
Bulgária,1990,0,0,Bulgaria
Canada,1990,0,0,
Chile,1990,1530497,2034195,Chile
China,1990,0,0,China
"Coreia do Sul, República",1990,0,0,
Croácia,1990,0,0,Croatia
Emirados Árabes Unidos,1990,0,0,United Arab Emirates
Eslovênia,1990,0,0,Slovenia
Eslováquia,1990,0,0,Slovakia
Espanha,1990,132157,503357,Spain
Estados Unidos,1990,27900,142509,United States
França,1990,479460,1807082,France
Geórgia,1990,0,0,Georgia
Grécia,1990,0,0,Greece
Hungria,1990,0,0,Hungary
Indonesia,1990,0,0,
Irlanda,1990,0,0,Ireland
Israel,1990,0,0,Israel
Itália,1990,497616,1284638,Italy
Japão,1990,0,0,Japan
Iugoslavia,1990,38640,44100,
Líbano,1990,0,0,Lebanon
Luxemburgo,1990,0,0,Luxembourg
Macedônia,1990,0,0,Macedonia
Marrocos,1990,0,0,Morocco
México,1990,0,0,Mexico
Montenegro,1990,0,0,Montenegro
Noruega,1990,0,0,Norway
Nova Zelândia,1990,0,0,New Zealand
Paises Baixos (Holanda),1990,0,0,
Panamá,1990,0,0,Panama
Peru,1990,0,0,Peru
Porto Rico,1990,0,0,Puerto Rico
Portugal,1990,1423882,2793037,Portugal
Reino Unido,1990,0,0,United Kingdom
Republica Dominicana,1990,0,0,
Romênia,1990,0,0,Romania
Rússia,1990,0,0,Russia
Síria,1990,0,0,Syria
Suíça,1990,0,0,Switzerland
Tunísia,1990,0,0,Tunisia
Turquia,1990,0,0,Turkey
Ucrânia,1990,0,0,Ukraine
Uruguai,1990,0,0,Uruguay
Não consta na tabela,1990,0,0,
Não declarados,1990,0,0,
Outros,1990,65835,145083,
Africa do Sul,1991,0,0,South Africa
Alemanha,1991,3096425,4545305,Germany
Argélia,1991,0,0,Algeria
Arábia Saudita,1991,0,0,Saudi Arabia
Argentina,1991,852441,1493649,Argentina
Austrália,1991,0,0,Australia
Áustria,1991,6180,21658,Austria
Bélgica,1991,0,0,Belgium
Bolívia,1991,0,0,Bolivia
Brasil,1991,0,0,Brazil
Bulgária,1991,0,0,Bulgaria
Canada,1991,0,0,
Chile,1991,1424430,1869655,Chile
China,1991,0,0,China
"Coreia do Sul, República",1991,0,0,
Croácia,1991,0,0,Croatia
Emirados Árabes Unidos,1991,0,0,United Arab Emirates
Eslovênia,1991,0,0,Slovenia
Eslováquia,1991,0,0,Slovakia
Espanha,1991,52892,169698,Spain
Estados Unidos,1991,25655,62170,United States
França,1991,503488,1870305,France
Geórgia,1991,0,0,Georgia
Grécia,1991,0,0,Greece
Hungria,1991,0,0,Hungary
Indonesia,1991,0,0,
Irlanda,1991,0,0,Ireland
Israel,1991,0,0,Israel
Itália,1991,566035,1331248,Italy
Japão,1991,0,0,Japan
Iugoslavia,1991,25650,31825,
Líbano,1991,0,0,Lebanon
Luxemburgo,1991,0,0,Luxembourg
Macedônia,1991,0,0,Macedonia
Marrocos,1991,0,0,Morocco
México,1991,0,0,Mexico
Montenegro,1991,0,0,Montenegro
Noruega,1991,0,0,Norway
Nova Zelândia,1991,0,0,New Zealand
Paises Baixos (Holanda),1991,0,0,
Panamá,1991,0,0,Panama
Peru,1991,0,0,Peru
Porto Rico,1991,0,0,Puerto Rico
Portugal,1991,1361858,2525520,Portugal
Reino Unido,1991,0,0,United Kingdom
Republica Dominicana,1991,0,0,
Romênia,1991,0,0,Romania
Rússia,1991,0,0,Russia
Síria,1991,0,0,Syria
Suíça,1991,0,0,Switzerland
Tunísia,1991,0,0,Tunisia
Turquia,1991,0,0,Turkey
Ucrânia,1991,0,0,Ukraine
Uruguai,1991,0,0,Uruguay
Não consta na tabela,1991,0,0,
Não declarados,1991,0,0,
Outros,1991,97662,161151,
Africa do Sul,1992,0,0,South Africa
Alemanha,1992,2515557,3644055,Germany
Argélia,1992,0,0,Algeria
Arábia Saudita,1992,0,0,Saudi Arabia
Argentina,1992,444896,815668,Argentina
Austrália,1992,0,0,Australia
Áustria,1992,0,0,Austria
Bélgica,1992,20700,30575,Belgium
Bolívia,1992,0,0,Bolivia
Brasil,1992,0,0,Brazil
Bulgária,1992,0,0,Bulgaria
Canada,1992,0,0,
Chile,1992,1073114,1421889,Chile
China,1992,0,0,China
"Coreia do Sul, República",1992,0,0,
Croácia,1992,0,0,Croatia
Emirados Árabes Unidos,1992,0,0,United Arab Emirates
Eslovênia,1992,0,0,Slovenia
Eslováquia,1992,0,0,Slovakia
Espanha,1992,51921,144087,Spain
Estados Unidos,1992,16836,44552,United States
França,1992,356417,888246,France
Geórgia,1992,0,0,Georgia
Grécia,1992,0,0,Greece
Hungria,1992,0,0,Hungary
Indonesia,1992,0,0,
Irlanda,1992,0,0,Ireland
Israel,1992,0,0,Israel
Itália,1992,540439,1307032,Italy
Japão,1992,0,0,Japan
Iugoslavia,1992,25596,31968,
Líbano,1992,0,0,Lebanon
Luxemburgo,1992,0,0,Luxembourg
Macedônia,1992,0,0,Macedonia
Marrocos,1992,0,0,Morocco
México,1992,0,0,Mexico
Montenegro,1992,0,0,Montenegro
Noruega,1992,0,0,Norway
Nova Zelândia,1992,0,0,New Zealand
Paises Baixos (Holanda),1992,0,0,
Panamá,1992,0,0,Panama
Peru,1992,0,0,Peru
Porto Rico,1992,0,0,Puerto Rico
Portugal,1992,1034446,1792170,Portugal
Reino Unido,1992,0,0,United Kingdom
Republica Dominicana,1992,0,0,
Romênia,1992,0,0,Romania
Rússia,1992,0,0,Russia
Síria,1992,0,0,Syria
Suíça,1992,0,0,Switzerland
Tunísia,1992,0,0,Tunisia
Turquia,1992,0,0,Turkey
Ucrânia,1992,0,0,Ukraine
Uruguai,1992,11247,21795,Uruguay
Não consta na tabela,1992,0,0,
Não declarados,1992,0,0,
Outros,1992,24465,59352,
Africa do Sul,1993,0,0,South Africa
Alemanha,1993,5721360,7155615,Germany
Argélia,1993,0,0,Algeria
Arábia Saudita,1993,0,0,Saudi Arabia
Argentina,1993,359542,795068,Argentina
Austrália,1993,0,0,Australia
Áustria,1993,3580,5128,Austria
Bélgica,1993,882,1391,Belgium
Bolívia,1993,0,0,Bolivia
Brasil,1993,0,0,Brazil
Bulgária,1993,0,0,Bulgaria
Canada,1993,0,0,
Chile,1993,1633996,2655683,Chile
China,1993,0,0,China
"Coreia do Sul, República",1993,0,0,
Croácia,1993,0,0,Croatia
Emirados Árabes Unidos,1993,0,0,United Arab Emirates
Eslovênia,1993,0,0,Slovenia
Eslováquia,1993,0,0,Slovakia
Espanha,1993,48534,128664,Spain
Estados Unidos,1993,77914,177471,United States
França,1993,924323,2132215,France
Geórgia,1993,0,0,Georgia
Grécia,1993,0,0,Greece
Hungria,1993,0,0,Hungary
Indonesia,1993,0,0,
Irlanda,1993,0,0,Ireland
Israel,1993,0,0,Israel
Itália,1993,1333424,2404136,Italy
Japão,1993,0,0,Japan
Iugoslavia,1993,8550,10500,
Líbano,1993,0,0,Lebanon
Luxemburgo,1993,0,0,Luxembourg
Macedônia,1993,0,0,Macedonia
Marrocos,1993,0,0,Morocco
México,1993,0,0,Mexico
Montenegro,1993,0,0,Montenegro
Noruega,1993,0,0,Norway
Nova Zelândia,1993,0,0,New Zealand
Paises Baixos (Holanda),1993,0,0,
Panamá,1993,0,0,Panama
Peru,1993,0,0,Peru
Porto Rico,1993,0,0,Puerto Rico
Portugal,1993,1678448,2873315,Portugal
Reino Unido,1993,0,0,United Kingdom
Republica Dominicana,1993,0,0,
Romênia,1993,0,0,Romania
Rússia,1993,0,0,Russia
Síria,1993,0,0,Syria
Suíça,1993,0,0,Switzerland
Tunísia,1993,0,0,Tunisia
Turquia,1993,0,0,Turkey
Ucrânia,1993,0,0,Ukraine
Uruguai,1993,33040,69221,Uruguay
Não consta na tabela,1993,0,0,
Não declarados,1993,0,0,
Outros,1993,146730,412893,
Africa do Sul,1994,0,0,South Africa
Alemanha,1994,11047710,16068528,Germany
Argélia,1994,0,0,Algeria
Arábia Saudita,1994,0,0,Saudi Arabia
Argentina,1994,446315,730091,Argentina
Austrália,1994,0,0,Australia
Áustria,1994,910,5612,Austria
Bélgica,1994,0,0,Belgium
Bolívia,1994,0,0,Bolivia
Brasil,1994,0,0,Brazil
Bulgária,1994,0,0,Bulgaria
Canada,1994,0,0,
Chile,1994,2347724,3822138,Chile
China,1994,0,0,China
"Coreia do Sul, República",1994,0,0,
Croácia,1994,0,0,Croatia
Emirados Árabes Unidos,1994,0,0,United Arab Emirates
Eslovênia,1994,0,0,Slovenia
Eslováquia,1994,0,0,Slovakia
Espanha,1994,166267,362863,Spain
Estados Unidos,1994,93789,212884,United States
França,1994,1821215,3935308,France
Geórgia,1994,0,0,Georgia
Grécia,1994,0,0,Greece
Hungria,1994,0,0,Hungary
Indonesia,1994,0,0,
Irlanda,1994,0,0,Ireland
Israel,1994,0,0,Israel
Itália,1994,2745848,5058009,Italy
Japão,1994,0,0,Japan
Iugoslavia,1994,25920,36000,
Líbano,1994,0,0,Lebanon
Luxemburgo,1994,0,0,Luxembourg
Macedônia,1994,0,0,Macedonia
Marrocos,1994,0,0,Morocco
México,1994,0,0,Mexico
Montenegro,1994,0,0,Montenegro
Noruega,1994,0,0,Norway
Nova Zelândia,1994,0,0,New Zealand
Paises Baixos (Holanda),1994,0,0,
Panamá,1994,0,0,Panama
Peru,1994,0,0,Peru
Porto Rico,1994,0,0,Puerto Rico
Portugal,1994,2549247,4471214,Portugal
Reino Unido,1994,0,0,United Kingdom
Republica Dominicana,1994,0,0,
Romênia,1994,0,0,Romania
Rússia,1994,0,0,Russia
Síria,1994,0,0,Syria
Suíça,1994,0,0,Switzerland
Tunísia,1994,0,0,Tunisia
Turquia,1994,0,0,Turkey
Ucrânia,1994,0,0,Ukraine
Uruguai,1994,35219,72528,Uruguay
Não consta na tabela,1994,0,0,
Não declarados,1994,0,0,
Outros,1994,174758,289230,
Africa do Sul,1995,0,0,South Africa
Alemanha,1995,11919346,19758144,Germany
Argélia,1995,0,0,Algeria
Arábia Saudita,1995,0,0,Saudi Arabia
Argentina,1995,1397904,1992083,Argentina
Austrália,1995,0,0,Australia
Áustria,1995,1080,6205,Austria
Bélgica,1995,0,0,Belgium
Bolívia,1995,0,0,Bolivia
Brasil,1995,0,0,Brazil
Bulgária,1995,0,0,Bulgaria
Canada,1995,0,0,
Chile,1995,2622381,4165531,Chile
China,1995,0,0,China
"Coreia do Sul, República",1995,0,0,
Croácia,1995,0,0,Croatia
Emirados Árabes Unidos,1995,0,0,United Arab Emirates
Eslovênia,1995,0,0,Slovenia
Eslováquia,1995,0,0,Slovakia
Espanha,1995,385466,669208,Spain
Estados Unidos,1995,142331,313916,United States
França,1995,2043172,5026251,France
Geórgia,1995,0,0,Georgia
Grécia,1995,0,0,Greece
Hungria,1995,0,0,Hungary
Indonesia,1995,0,0,
Irlanda,1995,0,0,Ireland
Israel,1995,0,0,Israel
Itália,1995,3859353,7542440,Italy
Japão,1995,0,0,Japan
Iugoslavia,1995,51840,81408,
Líbano,1995,0,0,Lebanon
Luxemburgo,1995,0,0,Luxembourg
Macedônia,1995,0,0,Macedonia
Marrocos,1995,0,0,Morocco
México,1995,0,0,Mexico
Montenegro,1995,0,0,Montenegro
Noruega,1995,0,0,Norway
Nova Zelândia,1995,0,0,New Zealand
Paises Baixos (Holanda),1995,0,0,
Panamá,1995,0,0,Panama
Peru,1995,0,0,Peru
Porto Rico,1995,0,0,Puerto Rico
Portugal,1995,5442249,10703599,Portugal
Reino Unido,1995,0,0,United Kingdom
Republica Dominicana,1995,0,0,
Romênia,1995,0,0,Romania
Rússia,1995,0,0,Russia
Síria,1995,0,0,Syria
Suíça,1995,0,0,Switzerland
Tunísia,1995,0,0,Tunisia
Turquia,1995,0,0,Turkey
Ucrânia,1995,0,0,Ukraine
Uruguai,1995,33150,73695,Uruguay
Não consta na tabela,1995,0,0,
Não declarados,1995,0,0,
Outros,1995,200336,393140,
Africa do Sul,1996,0,0,South Africa
Alemanha,1996,8680860,10629243,Germany
Argélia,1996,0,0,Algeria
Arábia Saudita,1996,0,0,Saudi Arabia
Argentina,1996,779008,1438076,Argentina
Austrália,1996,0,0,Australia
Áustria,1996,0,0,Austria
Bélgica,1996,0,0,Belgium
Bolívia,1996,0,0,Bolivia
Brasil,1996,0,0,Brazil
Bulgária,1996,0,0,Bulgaria
Canada,1996,0,0,
Chile,1996,1964361,3273873,Chile
China,1996,0,0,China
"Coreia do Sul, República",1996,0,0,
Croácia,1996,0,0,Croatia
Emirados Árabes Unidos,1996,0,0,United Arab Emirates
Eslovênia,1996,0,0,Slovenia
Eslováquia,1996,0,0,Slovakia
Espanha,1996,510076,939905,Spain
Estados Unidos,1996,275864,454266,United States
França,1996,1917908,4370132,France
Geórgia,1996,0,0,Georgia
Grécia,1996,0,0,Greece
Hungria,1996,0,0,Hungary
Indonesia,1996,0,0,
Irlanda,1996,0,0,Ireland
Israel,1996,0,0,Israel
Itália,1996,3771901,8178592,Italy
Japão,1996,0,0,Japan
Iugoslavia,1996,0,0,
Líbano,1996,0,0,Lebanon
Luxemburgo,1996,0,0,Luxembourg
Macedônia,1996,0,0,Macedonia
Marrocos,1996,0,0,Morocco
México,1996,0,0,Mexico
Montenegro,1996,0,0,Montenegro
Noruega,1996,0,0,Norway
Nova Zelândia,1996,0,0,New Zealand
Paises Baixos (Holanda),1996,0,0,
Panamá,1996,0,0,Panama
Peru,1996,0,0,Peru
Porto Rico,1996,0,0,Puerto Rico
Portugal,1996,4438522,9226840,Portugal
Reino Unido,1996,0,0,United Kingdom
Republica Dominicana,1996,0,0,
Romênia,1996,0,0,Romania
Rússia,1996,0,0,Russia
Síria,1996,0,0,Syria
Suíça,1996,0,0,Switzerland
Tunísia,1996,0,0,Tunisia
Turquia,1996,0,0,Turkey
Ucrânia,1996,0,0,Ukraine
Uruguai,1996,72000,164299,Uruguay
Não consta na tabela,1996,63755,148879,
Não declarados,1996,21185,26664,
Outros,1996,127039,295772,
Africa do Sul,1997,0,0,South Africa
Alemanha,1997,4867017,5108215,Germany
Argélia,1997,0,0,Algeria
Arábia Saudita,1997,0,0,Saudi Arabia
Argentina,1997,1013306,2089559,Argentina
Austrália,1997,0,0,Australia
Áustria,1997,4404,10594,Austria
Bélgica,1997,13791,95375,Belgium
Bolívia,1997,0,0,Bolivia
Brasil,1997,0,0,Brazil
Bulgária,1997,0,0,Bulgaria
Canada,1997,0,0,
Chile,1997,2951870,5453225,Chile
China,1997,0,0,China
"Coreia do Sul, República",1997,0,0,
Croácia,1997,0,0,Croatia
Emirados Árabes Unidos,1997,0,0,United Arab Emirates
Eslovênia,1997,0,0,Slovenia
Eslováquia,1997,0,0,Slovakia
Espanha,1997,352213,1142017,Spain
Estados Unidos,1997,511333,1122364,United States
França,1997,3388528,8771794,France
Geórgia,1997,0,0,Georgia
Grécia,1997,0,0,Greece
Hungria,1997,0,0,Hungary
Indonesia,1997,0,0,
Irlanda,1997,0,0,Ireland
Israel,1997,0,0,Israel
Itália,1997,5203832,11182645,Italy
Japão,1997,0,0,Japan
Iugoslavia,1997,0,0,
Líbano,1997,0,0,Lebanon
Luxemburgo,1997,0,0,Luxembourg
Macedônia,1997,0,0,Macedonia
Marrocos,1997,0,0,Morocco
México,1997,0,0,Mexico
Montenegro,1997,0,0,Montenegro
Noruega,1997,0,0,Norway
Nova Zelândia,1997,0,0,New Zealand
Paises Baixos (Holanda),1997,0,0,
Panamá,1997,0,0,Panama
Peru,1997,0,0,Peru
Porto Rico,1997,0,0,Puerto Rico
Portugal,1997,5421763,12467340,Portugal
Reino Unido,1997,0,0,United Kingdom
Republica Dominicana,1997,0,0,
Romênia,1997,0,0,Romania
Rússia,1997,0,0,Russia
Síria,1997,0,0,Syria
Suíça,1997,0,0,Switzerland
Tunísia,1997,0,0,Tunisia
Turquia,1997,0,0,Turkey
Ucrânia,1997,0,0,Ukraine
Uruguai,1997,89117,209952,Uruguay
Não consta na tabela,1997,0,0,
Não declarados,1997,0,0,
Outros,1997,186470,548733,
Africa do Sul,1998,0,0,South Africa
Alemanha,1998,3014081,4834030,Germany
Argélia,1998,0,0,Algeria
Arábia Saudita,1998,0,0,Saudi Arabia
Argentina,1998,1295190,3073775,Argentina
Austrália,1998,0,0,Australia
Áustria,1998,8926,59378,Austria
Bélgica,1998,9363,40899,Belgium
Bolívia,1998,0,0,Bolivia
Brasil,1998,0,0,Brazil
Bulgária,1998,0,0,Bulgaria
Canada,1998,0,0,
Chile,1998,3203054,6005098,Chile
China,1998,0,0,China
"Coreia do Sul, República",1998,0,0,
Croácia,1998,0,0,Croatia
Emirados Árabes Unidos,1998,0,0,United Arab Emirates
Eslovênia,1998,0,0,Slovenia
Eslováquia,1998,0,0,Slovakia
Espanha,1998,370580,1328280,Spain
Estados Unidos,1998,381199,885162,United States
França,1998,3853865,12027414,France
Geórgia,1998,0,0,Georgia
Grécia,1998,0,0,Greece
Hungria,1998,0,0,Hungary
Indonesia,1998,0,0,
Irlanda,1998,0,0,Ireland
Israel,1998,0,0,Israel
Itália,1998,5481659,12837955,Italy
Japão,1998,0,0,Japan
Iugoslavia,1998,0,0,
Líbano,1998,0,0,Lebanon
Luxemburgo,1998,0,0,Luxembourg
Macedônia,1998,0,0,Macedonia
Marrocos,1998,0,0,Morocco
México,1998,0,0,Mexico
Montenegro,1998,0,0,Montenegro
Noruega,1998,0,0,Norway
Nova Zelândia,1998,0,0,New Zealand
Paises Baixos (Holanda),1998,0,0,
Panamá,1998,0,0,Panama
Peru,1998,0,0,Peru
Porto Rico,1998,0,0,Puerto Rico
Portugal,1998,4656474,12314487,Portugal
Reino Unido,1998,0,0,United Kingdom
Republica Dominicana,1998,0,0,
Romênia,1998,0,0,Romania
Rússia,1998,0,0,Russia
Síria,1998,0,0,Syria
Suíça,1998,0,0,Switzerland
Tunísia,1998,0,0,Tunisia
Turquia,1998,0,0,Turkey
Ucrânia,1998,0,0,Ukraine
Uruguai,1998,277989,525654,Uruguay
Não consta na tabela,1998,0,0,
Não declarados,1998,0,0,
Outros,1998,187919,480461,
Africa do Sul,1999,0,0,South Africa
Alemanha,1999,2576557,4539354,Germany
Argélia,1999,0,0,Algeria
Arábia Saudita,1999,0,0,Saudi Arabia
Argentina,1999,2475780,5284871,Argentina
Austrália,1999,0,0,Australia
Áustria,1999,83930,661104,Austria
Bélgica,1999,5550,23433,Belgium
Bolívia,1999,0,0,Bolivia
Brasil,1999,0,0,Brazil
Bulgária,1999,0,0,Bulgaria
Canada,1999,0,0,
Chile,1999,4312887,8756515,Chile
China,1999,0,0,China
"Coreia do Sul, República",1999,0,0,
Croácia,1999,0,0,Croatia
Emirados Árabes Unidos,1999,0,0,United Arab Emirates
Eslovênia,1999,0,0,Slovenia
Eslováquia,1999,0,0,Slovakia
Espanha,1999,396453,1906389,Spain
Estados Unidos,1999,674683,992353,United States
França,1999,3529422,10122865,France
Geórgia,1999,0,0,Georgia
Grécia,1999,0,0,Greece
Hungria,1999,0,0,Hungary
Indonesia,1999,0,0,
Irlanda,1999,0,0,Ireland
Israel,1999,0,0,Israel
Itália,1999,6187860,14604418,Italy
Japão,1999,0,0,Japan
Iugoslavia,1999,0,0,
Líbano,1999,0,0,Lebanon
Luxemburgo,1999,0,0,Luxembourg
Macedônia,1999,0,0,Macedonia
Marrocos,1999,0,0,Morocco
México,1999,0,0,Mexico
Montenegro,1999,0,0,Montenegro
Noruega,1999,0,0,Norway
Nova Zelândia,1999,0,0,New Zealand
Paises Baixos (Holanda),1999,0,0,
Panamá,1999,0,0,Panama
Peru,1999,0,0,Peru
Porto Rico,1999,0,0,Puerto Rico
Portugal,1999,4408133,12406498,Portugal
Reino Unido,1999,0,0,United Kingdom
Republica Dominicana,1999,0,0,
Romênia,1999,0,0,Romania
Rússia,1999,0,0,Russia
Síria,1999,0,0,Syria
Suíça,1999,0,0,Switzerland
Tunísia,1999,0,0,Tunisia
Turquia,1999,0,0,Turkey
Ucrânia,1999,0,0,Ukraine
Uruguai,1999,1712036,2756398,Uruguay
Não consta na tabela,1999,0,0,
Não declarados,1999,0,0,
Outros,1999,49646,230829,
Africa do Sul,2000,0,0,South Africa
Alemanha,2000,1164724,1668539,Germany
Argélia,2000,0,0,Algeria
Arábia Saudita,2000,0,0,Saudi Arabia
Argentina,2000,2724941,6556544,Argentina
Austrália,2000,130097,446892,Australia
Áustria,2000,0,0,Austria
Bélgica,2000,0,0,Belgium
Bolívia,2000,0,0,Bolivia
Brasil,2000,0,0,Brazil
Bulgária,2000,0,0,Bulgaria
Canada,2000,0,0,
Chile,2000,5559322,12096840,Chile
China,2000,0,0,China
"Coreia do Sul, República",2000,0,0,
Croácia,2000,0,0,Croatia
Emirados Árabes Unidos,2000,0,0,United Arab Emirates
Eslovênia,2000,0,0,Slovenia
Eslováquia,2000,0,0,Slovakia
Espanha,2000,531425,1699237,Spain
Estados Unidos,2000,426442,899698,United States
França,2000,3431635,8467949,France
Geórgia,2000,0,0,Georgia
Grécia,2000,0,0,Greece
Hungria,2000,0,0,Hungary
Indonesia,2000,0,0,
Irlanda,2000,0,0,Ireland
Israel,2000,0,0,Israel
Itália,2000,8261193,16364713,Italy
Japão,2000,0,0,Japan
Iugoslavia,2000,0,0,
Líbano,2000,0,0,Lebanon
Luxemburgo,2000,0,0,Luxembourg
Macedônia,2000,0,0,Macedonia
Marrocos,2000,0,0,Morocco
México,2000,0,0,Mexico
Montenegro,2000,0,0,Montenegro
Noruega,2000,0,0,Norway
Nova Zelândia,2000,0,0,New Zealand
Paises Baixos (Holanda),2000,0,0,
Panamá,2000,0,0,Panama
Peru,2000,0,0,Peru
Porto Rico,2000,0,0,Puerto Rico
Portugal,2000,5011051,13191073,Portugal
Reino Unido,2000,0,0,United Kingdom
Republica Dominicana,2000,0,0,
Romênia,2000,0,0,Romania
Rússia,2000,0,0,Russia
Síria,2000,0,0,Syria
Suíça,2000,0,0,Switzerland
Tunísia,2000,0,0,Tunisia
Turquia,2000,0,0,Turkey
Ucrânia,2000,0,0,Ukraine
Uruguai,2000,1961733,3616134,Uruguay
Não consta na tabela,2000,0,0,
Não declarados,2000,0,0,
Outros,2000,73451,295205,
Africa do Sul,2001,42661,99201,South Africa
Alemanha,2001,909077,1169872,Germany
Argélia,2001,0,0,Algeria
Arábia Saudita,2001,0,0,Saudi Arabia
Argentina,2001,2585537,6196286,Argentina
Austrália,2001,179310,636740,Australia
Áustria,2001,770,0,Austria
Bélgica,2001,0,0,Belgium
Bolívia,2001,0,0,Bolivia
Brasil,2001,0,0,Brazil
Bulgária,2001,0,0,Bulgaria
Canada,2001,0,0,
Chile,2001,5160203,11122691,Chile
China,2001,0,0,China
"Coreia do Sul, República",2001,0,0,
Croácia,2001,0,0,Croatia
Emirados Árabes Unidos,2001,0,0,United Arab Emirates
Eslovênia,2001,0,0,Slovenia
Eslováquia,2001,0,0,Slovakia
Espanha,2001,624644,2360928,Spain
Estados Unidos,2001,374590,1036201,United States
França,2001,3118460,7968430,France
Geórgia,2001,0,0,Georgia
Grécia,2001,0,0,Greece
Hungria,2001,0,0,Hungary
Indonesia,2001,0,0,
Irlanda,2001,0,0,Ireland
Israel,2001,0,0,Israel
Itália,2001,8113437,15592191,Italy
Japão,2001,0,0,Japan
Iugoslavia,2001,0,0,
Líbano,2001,0,0,Lebanon
Luxemburgo,2001,0,0,Luxembourg
Macedônia,2001,0,0,Macedonia
Marrocos,2001,0,0,Morocco
México,2001,0,0,Mexico
Montenegro,2001,0,0,Montenegro
Noruega,2001,0,0,Norway
Nova Zelândia,2001,0,0,New Zealand
Paises Baixos (Holanda),2001,0,0,
Panamá,2001,0,0,Panama
Peru,2001,0,0,Peru
Porto Rico,2001,0,0,Puerto Rico
Portugal,2001,5225372,13988909,Portugal
Reino Unido,2001,0,0,United Kingdom
Republica Dominicana,2001,0,0,
Romênia,2001,0,0,Romania
Rússia,2001,0,0,Russia
Síria,2001,0,0,Syria
Suíça,2001,0,0,Switzerland
Tunísia,2001,0,0,Tunisia
Turquia,2001,0,0,Turkey
Ucrânia,2001,0,0,Ukraine
Uruguai,2001,1668697,3122694,Uruguay
Não consta na tabela,2001,0,0,
Não declarados,2001,0,0,
Outros,2001,47256,201927,
Africa do Sul,2002,32194,106317,South Africa
Alemanha,2002,759712,829695,Germany
Argélia,2002,0,0,Algeria
Arábia Saudita,2002,0,0,Saudi Arabia
Argentina,2002,3867336,6894469,Argentina
Austrália,2002,148916,446693,Australia
Áustria,2002,0,0,Austria
Bélgica,2002,0,0,Belgium
Bolívia,2002,0,0,Bolivia
Brasil,2002,0,0,Brazil
Bulgária,2002,0,0,Bulgaria
Canada,2002,0,0,
Chile,2002,6200375,11626770,Chile
China,2002,0,0,China
"Coreia do Sul, República",2002,0,0,
Croácia,2002,0,0,Croatia
Emirados Árabes Unidos,2002,0,0,United Arab Emirates
Eslovênia,2002,0,0,Slovenia
Eslováquia,2002,0,0,Slovakia
Espanha,2002,435422,1503384,Spain
Estados Unidos,2002,139693,357913,United States
França,2002,2355088,6060888,France
Geórgia,2002,0,0,Georgia
Grécia,2002,0,0,Greece
Hungria,2002,0,0,Hungary
Indonesia,2002,0,0,
Irlanda,2002,0,0,Ireland
Israel,2002,0,0,Israel
Itália,2002,5878763,11408242,Italy
Japão,2002,0,0,Japan
Iugoslavia,2002,0,0,
Líbano,2002,0,0,Lebanon
Luxemburgo,2002,0,0,Luxembourg
Macedônia,2002,0,0,Macedonia
Marrocos,2002,0,0,Morocco
México,2002,0,0,Mexico
Montenegro,2002,0,0,Montenegro
Noruega,2002,0,0,Norway
Nova Zelândia,2002,0,0,New Zealand
Paises Baixos (Holanda),2002,0,0,
Panamá,2002,0,0,Panama
Peru,2002,0,0,Peru
Porto Rico,2002,0,0,Puerto Rico
Portugal,2002,3047860,8596328,Portugal
Reino Unido,2002,0,0,United Kingdom
Republica Dominicana,2002,0,0,
Romênia,2002,0,0,Romania
Rússia,2002,0,0,Russia
Síria,2002,0,0,Syria
Suíça,2002,0,0,Switzerland
Tunísia,2002,0,0,Tunisia
Turquia,2002,0,0,Turkey
Ucrânia,2002,0,0,Ukraine
Uruguai,2002,1247891,2082552,Uruguay
Não consta na tabela,2002,0,0,
Não declarados,2002,0,0,
Outros,2002,64069,256700,
Africa do Sul,2003,157239,305701,South Africa
Alemanha,2003,573198,629664,Germany
Argélia,2003,0,0,Algeria
Arábia Saudita,2003,0,0,Saudi Arabia
Argentina,2003,5720024,9653634,Argentina
Austrália,2003,126441,344316,Australia
Áustria,2003,0,0,Austria
Bélgica,2003,0,0,Belgium
Bolívia,2003,0,0,Bolivia
Brasil,2003,0,0,Brazil
Bulgária,2003,0,0,Bulgaria
Canada,2003,0,0,
Chile,2003,7955549,16120955,Chile
China,2003,0,0,China
"Coreia do Sul, República",2003,0,0,
Croácia,2003,0,0,Croatia
Emirados Árabes Unidos,2003,0,0,United Arab Emirates
Eslovênia,2003,0,0,Slovenia
Eslováquia,2003,0,0,Slovakia
Espanha,2003,410133,1721562,Spain
Estados Unidos,2003,173327,448844,United States
França,2003,1958362,6093629,France
Geórgia,2003,0,0,Georgia
Grécia,2003,0,0,Greece
Hungria,2003,13391,39649,Hungary
Indonesia,2003,0,0,
Irlanda,2003,0,0,Ireland
Israel,2003,0,0,Israel
Itália,2003,5237027,10545425,Italy
Japão,2003,0,0,Japan
Iugoslavia,2003,0,0,
Líbano,2003,1116,8013,Lebanon
Luxemburgo,2003,0,0,Luxembourg
Macedônia,2003,0,0,Macedonia
Marrocos,2003,0,0,Morocco
México,2003,0,0,Mexico
Montenegro,2003,0,0,Montenegro
Noruega,2003,0,0,Norway
Nova Zelândia,2003,21139,153081,New Zealand
Paises Baixos (Holanda),2003,0,0,
Panamá,2003,0,0,Panama
Peru,2003,0,0,Peru
Porto Rico,2003,0,0,Puerto Rico
Portugal,2003,3344190,9649346,Portugal
Reino Unido,2003,0,0,United Kingdom
Republica Dominicana,2003,0,0,
Romênia,2003,0,0,Romania
Rússia,2003,0,0,Russia
Síria,2003,0,0,Syria
Suíça,2003,1900,3522,Switzerland
Tunísia,2003,0,0,Tunisia
Turquia,2003,0,0,Turkey
Ucrânia,2003,0,0,Ukraine
Uruguai,2003,1096094,1630471,Uruguay
Não consta na tabela,2003,0,0,
Não declarados,2003,0,0,
Outros,2003,0,0,
Africa do Sul,2004,303489,665101,South Africa
Alemanha,2004,420075,550750,Germany
Argélia,2004,0,0,Algeria
Arábia Saudita,2004,0,0,Saudi Arabia
Argentina,2004,10202602,17142493,Argentina
Austrália,2004,192539,561291,Australia
Áustria,2004,1170,24677,Austria
Bélgica,2004,0,0,Belgium
Bolívia,2004,0,0,Bolivia
Brasil,2004,2088,16212,Brazil
Bulgária,2004,0,0,Bulgaria
Canada,2004,0,0,
Chile,2004,11134141,22521618,Chile
China,2004,0,0,China
"Coreia do Sul, República",2004,450,560,
Croácia,2004,0,0,Croatia
Emirados Árabes Unidos,2004,0,0,United Arab Emirates
Eslovênia,2004,0,0,Slovenia
Eslováquia,2004,0,0,Slovakia
Espanha,2004,603666,2092080,Spain
Estados Unidos,2004,79531,255328,United States
França,2004,2092261,6201807,France
Geórgia,2004,0,0,Georgia
Grécia,2004,0,0,Greece
Hungria,2004,10967,26900,Hungary
Indonesia,2004,0,0,
Irlanda,2004,0,0,Ireland
Israel,2004,0,0,Israel
Itália,2004,6190395,12223247,Italy
Japão,2004,0,0,Japan
Iugoslavia,2004,0,0,
Líbano,2004,662,2726,Lebanon
Luxemburgo,2004,0,0,Luxembourg
Macedônia,2004,0,0,Macedonia
Marrocos,2004,0,0,Morocco
México,2004,0,0,Mexico
Montenegro,2004,0,0,Montenegro
Noruega,2004,0,0,Norway
Nova Zelândia,2004,11774,107273,New Zealand
Paises Baixos (Holanda),2004,0,0,
Panamá,2004,0,0,Panama
Peru,2004,0,0,Peru
Porto Rico,2004,0,0,Puerto Rico
Portugal,2004,4151101,12084110,Portugal
Reino Unido,2004,0,0,United Kingdom
Republica Dominicana,2004,0,0,
Romênia,2004,0,0,Romania
Rússia,2004,0,0,Russia
Síria,2004,0,0,Syria
Suíça,2004,4658,5917,Switzerland
Tunísia,2004,0,0,Tunisia
Turquia,2004,0,0,Turkey
Ucrânia,2004,0,0,Ukraine
Uruguai,2004,660522,1089054,Uruguay
Não consta na tabela,2004,0,0,
Não declarados,2004,0,0,
Outros,2004,0,0,
Africa do Sul,2005,407413,775421,South Africa
Alemanha,2005,253685,382599,Germany
Argélia,2005,0,0,Algeria
Arábia Saudita,2005,0,0,Saudi Arabia
Argentina,2005,10845213,21623751,Argentina
Austrália,2005,324162,901226,Australia
Áustria,2005,1688,17321,Austria
Bélgica,2005,0,0,Belgium
Bolívia,2005,0,0,Bolivia
Brasil,2005,3007,20041,Brazil
Bulgária,2005,0,0,Bulgaria
Canada,2005,0,0,
Chile,2005,11647128,25645333,Chile
China,2005,0,0,China
"Coreia do Sul, República",2005,0,0,
Croácia,2005,0,0,Croatia
Emirados Árabes Unidos,2005,0,0,United Arab Emirates
Eslovênia,2005,0,0,Slovenia
Eslováquia,2005,0,0,Slovakia
Espanha,2005,508494,2504139,Spain
Estados Unidos,2005,53043,245198,United States
França,2005,1671209,5783702,France
Geórgia,2005,0,0,Georgia
Grécia,2005,0,0,Greece
Hungria,2005,10858,53615,Hungary
Indonesia,2005,0,0,
Irlanda,2005,0,0,Ireland
Israel,2005,0,0,Israel
Itália,2005,6010760,11300501,Italy
Japão,2005,0,0,Japan
Iugoslavia,2005,0,0,
Líbano,2005,1431,12774,Lebanon
Luxemburgo,2005,0,0,Luxembourg
Macedônia,2005,0,0,Macedonia
Marrocos,2005,0,0,Morocco
México,2005,0,0,Mexico
Montenegro,2005,0,0,Montenegro
Noruega,2005,0,0,Norway
Nova Zelândia,2005,31291,224441,New Zealand
Paises Baixos (Holanda),2005,0,0,
Panamá,2005,0,0,Panama
Peru,2005,0,0,Peru
Porto Rico,2005,0,0,Puerto Rico
Portugal,2005,5182827,15007625,Portugal
Reino Unido,2005,0,0,United Kingdom
Republica Dominicana,2005,0,0,
Romênia,2005,0,0,Romania
Rússia,2005,0,0,Russia
Síria,2005,0,0,Syria
Suíça,2005,3841,9430,Switzerland
Tunísia,2005,0,0,Tunisia
Turquia,2005,0,0,Turkey
Ucrânia,2005,0,0,Ukraine
Uruguai,2005,512973,924066,Uruguay
Não consta na tabela,2005,0,0,
Não declarados,2005,0,0,
Outros,2005,13970,63967,
Africa do Sul,2006,358870,1164032,South Africa
Alemanha,2006,314749,634870,Germany
Argélia,2006,0,0,Algeria
Arábia Saudita,2006,0,0,Saudi Arabia
Argentina,2006,11939727,25822840,Argentina
Austrália,2006,254407,1059677,Australia
Áustria,2006,1351,8359,Austria
Bélgica,2006,0,0,Belgium
Bolívia,2006,0,0,Bolivia
Brasil,2006,2930,12527,Brazil
Bulgária,2006,0,0,Bulgaria
Canada,2006,0,0,
Chile,2006,15194205,36681244,Chile
China,2006,22,496,China
"Coreia do Sul, República",2006,800,600,
Croácia,2006,0,0,Croatia
Emirados Árabes Unidos,2006,0,0,United Arab Emirates
Eslovênia,2006,0,0,Slovenia
Eslováquia,2006,0,0,Slovakia
Espanha,2006,971869,4288963,Spain
Estados Unidos,2006,61283,355478,United States
França,2006,2561966,10507604,France
Geórgia,2006,0,0,Georgia
Grécia,2006,670,1450,Greece
Hungria,2006,10530,54542,Hungary
Indonesia,2006,0,0,
Irlanda,2006,0,0,Ireland
Israel,2006,0,0,Israel
Itália,2006,7983641,17018760,Italy
Japão,2006,0,0,Japan
Iugoslavia,2006,0,0,
Líbano,2006,5121,10605,Lebanon
Luxemburgo,2006,0,0,Luxembourg
Macedônia,2006,0,0,Macedonia
Marrocos,2006,0,0,Morocco
México,2006,0,0,Mexico
Montenegro,2006,0,0,Montenegro
Noruega,2006,0,0,Norway
Nova Zelândia,2006,31825,254987,New Zealand
Paises Baixos (Holanda),2006,0,0,
Panamá,2006,0,0,Panama
Peru,2006,0,0,Peru
Porto Rico,2006,0,0,Puerto Rico
Portugal,2006,5936299,19063151,Portugal
Reino Unido,2006,14909,56268,United Kingdom
Republica Dominicana,2006,0,0,
Romênia,2006,0,0,Romania
Rússia,2006,0,0,Russia
Síria,2006,0,0,Syria
Suíça,2006,4222,6018,Switzerland
Tunísia,2006,0,0,Tunisia
Turquia,2006,0,0,Turkey
Ucrânia,2006,0,0,Ukraine
Uruguai,2006,715474,1439538,Uruguay
Não consta na tabela,2006,0,0,
Não declarados,2006,0,0,
Outros,2006,0,0,
Africa do Sul,2007,386425,1320244,South Africa
Alemanha,2007,234006,647626,Germany
Argélia,2007,0,0,Algeria
Arábia Saudita,2007,0,0,Saudi Arabia
Argentina,2007,15621172,36160548,Argentina
Austrália,2007,363611,1583361,Australia
Áustria,2007,1688,35247,Austria
Bélgica,2007,0,0,Belgium
Bolívia,2007,540,1348,Bolivia
Brasil,2007,3513,19633,Brazil
Bulgária,2007,0,0,Bulgaria
Canada,2007,0,0,
Chile,2007,18845522,47680946,Chile
China,2007,459,4235,China
"Coreia do Sul, República",2007,0,0,
Croácia,2007,0,0,Croatia
Emirados Árabes Unidos,2007,0,0,United Arab Emirates
Eslovênia,2007,0,0,Slovenia
Eslováquia,2007,0,0,Slovakia
Espanha,2007,862045,4506858,Spain
Estados Unidos,2007,79376,334204,United States
França,2007,2737947,14721769,France
Geórgia,2007,0,0,Georgia
Grécia,2007,18110,137867,Greece
Hungria,2007,14600,82552,Hungary
Indonesia,2007,0,0,
Irlanda,2007,0,0,Ireland
Israel,2007,13250,27398,Israel
Itália,2007,9177932,22023175,Italy
Japão,2007,0,0,Japan
Iugoslavia,2007,0,0,
Líbano,2007,6768,25265,Lebanon
Luxemburgo,2007,0,0,Luxembourg
Macedônia,2007,0,0,Macedonia
Marrocos,2007,0,0,Morocco
México,2007,0,0,Mexico
Montenegro,2007,0,0,Montenegro
Noruega,2007,0,0,Norway
Nova Zelândia,2007,47220,417276,New Zealand
Paises Baixos (Holanda),2007,0,0,
Panamá,2007,0,0,Panama
Peru,2007,0,0,Peru
Porto Rico,2007,15658,14781,Puerto Rico
Portugal,2007,6805601,23945522,Portugal
Reino Unido,2007,7056,67728,United Kingdom
Republica Dominicana,2007,0,0,
Romênia,2007,0,0,Romania
Rússia,2007,0,0,Russia
Síria,2007,0,0,Syria
Suíça,2007,0,0,Switzerland
Tunísia,2007,0,0,Tunisia
Turquia,2007,0,0,Turkey
Ucrânia,2007,0,0,Ukraine
Uruguai,2007,2387225,3131899,Uruguay
Não consta na tabela,2007,0,0,
Não declarados,2007,0,0,
Outros,2007,0,0,
Africa do Sul,2008,315380,1151699,South Africa
Alemanha,2008,293935,1063825,Germany
Argélia,2008,0,0,Algeria
Arábia Saudita,2008,0,0,Saudi Arabia
Argentina,2008,14417761,37382581,Argentina
Austrália,2008,215135,1248671,Australia
Áustria,2008,11388,73348,Austria
Bélgica,2008,0,0,Belgium
Bolívia,2008,0,0,Bolivia
Brasil,2008,309,1769,Brazil
Bulgária,2008,0,0,Bulgaria
Canada,2008,396,30957,
Chile,2008,18662626,50748373,Chile
China,2008,6858,32738,China
"Coreia do Sul, República",2008,0,0,
Croácia,2008,0,0,Croatia
Emirados Árabes Unidos,2008,0,0,United Arab Emirates
Eslovênia,2008,0,0,Slovenia
Eslováquia,2008,0,0,Slovakia
Espanha,2008,990697,6036397,Spain
Estados Unidos,2008,65956,542331,United States
França,2008,2466277,16275708,France
Geórgia,2008,0,0,Georgia
Grécia,2008,11034,78819,Greece
Hungria,2008,15981,90021,Hungary
Indonesia,2008,0,0,
Irlanda,2008,0,0,Ireland
Israel,2008,8694,41161,Israel
Itália,2008,9723292,24378627,Italy
Japão,2008,0,0,Japan
Iugoslavia,2008,0,0,
Líbano,2008,10270,47054,Lebanon
Luxemburgo,2008,0,0,Luxembourg
Macedônia,2008,0,0,Macedonia
Marrocos,2008,0,0,Morocco
México,2008,0,0,Mexico
Montenegro,2008,0,0,Montenegro
Noruega,2008,0,0,Norway
Nova Zelândia,2008,58408,536625,New Zealand
Paises Baixos (Holanda),2008,0,0,
Panamá,2008,0,0,Panama
Peru,2008,0,0,Peru
Porto Rico,2008,0,0,Puerto Rico
Portugal,2008,6213781,23826443,Portugal
Reino Unido,2008,315,10257,United Kingdom
Republica Dominicana,2008,0,0,
Romênia,2008,0,0,Romania
Rússia,2008,0,0,Russia
Síria,2008,0,0,Syria
Suíça,2008,1194,5359,Switzerland
Tunísia,2008,0,0,Tunisia
Turquia,2008,0,0,Turkey
Ucrânia,2008,0,0,Ukraine
Uruguai,2008,920389,2089539,Uruguay
Não consta na tabela,2008,0,0,
Não declarados,2008,0,0,
Outros,2008,0,0,
Africa do Sul,2009,493093,1931449,South Africa
Alemanha,2009,56075,291876,Germany
Argélia,2009,0,0,Algeria
Arábia Saudita,2009,0,0,Saudi Arabia
Argentina,2009,13902750,38521731,Argentina
Austrália,2009,270908,998680,Australia
Áustria,2009,1895,12073,Austria
Bélgica,2009,0,0,Belgium
Bolívia,2009,0,0,Bolivia
Brasil,2009,0,0,Brazil
Bulgária,2009,0,0,Bulgaria
Canada,2009,0,0,
Chile,2009,22476643,61380795,Chile
China,2009,0,0,China
"Coreia do Sul, República",2009,0,0,
Croácia,2009,0,0,Croatia
Emirados Árabes Unidos,2009,0,0,United Arab Emirates
Eslovênia,2009,0,0,Slovenia
Eslováquia,2009,0,0,Slovakia
Espanha,2009,1119540,6224187,Spain
Estados Unidos,2009,85393,702825,United States
França,2009,2372448,16893114,France
Geórgia,2009,0,0,Georgia
Grécia,2009,52474,190076,Greece
Hungria,2009,12632,87626,Hungary
Indonesia,2009,0,0,
Irlanda,2009,0,0,Ireland
Israel,2009,8924,36534,Israel
Itália,2009,8387908,23079424,Italy
Japão,2009,0,0,Japan
Iugoslavia,2009,0,0,
Líbano,2009,5310,34971,Lebanon
Luxemburgo,2009,0,0,Luxembourg
Macedônia,2009,0,0,Macedonia
Marrocos,2009,0,0,Morocco
México,2009,0,0,Mexico
Montenegro,2009,0,0,Montenegro
Noruega,2009,0,0,Norway
Nova Zelândia,2009,30806,302244,New Zealand
Paises Baixos (Holanda),2009,0,0,
Panamá,2009,0,0,Panama
Peru,2009,0,0,Peru
Porto Rico,2009,0,0,Puerto Rico
Portugal,2009,5884719,23688318,Portugal
Reino Unido,2009,10236,53375,United Kingdom
Republica Dominicana,2009,0,0,
Romênia,2009,0,0,Romania
Rússia,2009,0,0,Russia
Síria,2009,0,0,Syria
Suíça,2009,4860,13129,Switzerland
Tunísia,2009,0,0,Tunisia
Turquia,2009,0,0,Turkey
Ucrânia,2009,0,0,Ukraine
Uruguai,2009,750343,1953390,Uruguay
Não consta na tabela,2009,0,0,
Não declarados,2009,0,0,
Outros,2009,0,0,
Africa do Sul,2010,966276,3600658,South Africa
Alemanha,2010,192661,784674,Germany
Argélia,2010,0,0,Algeria
Arábia Saudita,2010,0,0,Saudi Arabia
Argentina,2010,16965266,52126581,Argentina
Austrália,2010,405271,1864846,Australia
Áustria,2010,2329,30075,Austria
Bélgica,2010,0,0,Belgium
Bolívia,2010,0,0,Bolivia
Brasil,2010,7,232,Brazil
Bulgária,2010,20997,94727,Bulgaria
Canada,2010,0,0,
Chile,2010,26434744,72983389,Chile
China,2010,0,0,China
"Coreia do Sul, República",2010,0,0,
Croácia,2010,0,0,Croatia
Emirados Árabes Unidos,2010,0,0,United Arab Emirates
Eslovênia,2010,0,0,Slovenia
Eslováquia,2010,0,0,Slovakia
Espanha,2010,1622100,8698824,Spain
Estados Unidos,2010,194774,1344921,United States
França,2010,2799118,18778566,France
Geórgia,2010,0,0,Georgia
Grécia,2010,42449,196361,Greece
Hungria,2010,15193,160961,Hungary
Indonesia,2010,0,0,
Irlanda,2010,0,0,Ireland
Israel,2010,15782,93252,Israel
Itália,2010,11911190,28683242,Italy
Japão,2010,0,0,Japan
Iugoslavia,2010,0,0,
Líbano,2010,15741,123283,Lebanon
Luxemburgo,2010,0,0,Luxembourg
Macedônia,2010,0,0,Macedonia
Marrocos,2010,0,0,Morocco
México,2010,7004,63663,Mexico
Montenegro,2010,0,0,Montenegro
Noruega,2010,0,0,Norway
Nova Zelândia,2010,102683,947043,New Zealand
Paises Baixos (Holanda),2010,0,0,
Panamá,2010,0,0,Panama
Peru,2010,33,252,Peru
Porto Rico,2010,0,0,Puerto Rico
Portugal,2010,7801759,29299792,Portugal
Reino Unido,2010,621,22292,United Kingdom
Republica Dominicana,2010,0,0,
Romênia,2010,0,0,Romania
Rússia,2010,0,0,Russia
Síria,2010,0,0,Syria
Suíça,2010,2483,8010,Switzerland
Tunísia,2010,0,0,Tunisia
Turquia,2010,0,0,Turkey
Ucrânia,2010,0,0,Ukraine
Uruguai,2010,1219387,3175051,Uruguay
Não consta na tabela,2010,0,0,
Não declarados,2010,0,0,
Outros,2010,0,0,
Africa do Sul,2011,507509,2136394,South Africa
Alemanha,2011,198025,933545,Germany
Argélia,2011,0,0,Algeria
Arábia Saudita,2011,0,0,Saudi Arabia
Argentina,2011,16673491,58806736,Argentina
Austrália,2011,824440,2811273,Australia
Áustria,2011,6357,56227,Austria
Bélgica,2011,0,0,Belgium
Bolívia,2011,0,0,Bolivia
Brasil,2011,93,1164,Brazil
Bulgária,2011,1097,2527,Bulgaria
Canada,2011,2322,35032,
Chile,2011,26642889,84952500,Chile
China,2011,0,0,China
"Coreia do Sul, República",2011,0,0,
Croácia,2011,450,12388,Croatia
Emirados Árabes Unidos,2011,0,0,United Arab Emirates
Eslovênia,2011,3600,62602,Slovenia
Eslováquia,2011,0,0,Slovakia
Espanha,2011,1999970,11175636,Spain
Estados Unidos,2011,369806,1756901,United States
França,2011,3329437,22917012,France
Geórgia,2011,0,0,Georgia
Grécia,2011,82207,414329,Greece
Hungria,2011,15073,256240,Hungary
Indonesia,2011,0,0,
Irlanda,2011,0,0,Ireland
Israel,2011,16382,68676,Israel
Itália,2011,12025827,35481781,Italy
Japão,2011,0,0,Japan
Iugoslavia,2011,0,0,
Líbano,2011,17685,137954,Lebanon
Luxemburgo,2011,0,0,Luxembourg
Macedônia,2011,0,0,Macedonia
Marrocos,2011,0,0,Morocco
México,2011,0,0,Mexico
Montenegro,2011,0,0,Montenegro
Noruega,2011,0,0,Norway
Nova Zelândia,2011,151194,1267863,New Zealand
Paises Baixos (Holanda),2011,0,0,
Panamá,2011,0,0,Panama
Peru,2011,0,0,Peru
Porto Rico,2011,0,0,Puerto Rico
Portugal,2011,8556375,35247223,Portugal
Reino Unido,2011,270,6021,United Kingdom
Republica Dominicana,2011,0,0,
Romênia,2011,0,0,Romania
Rússia,2011,0,0,Russia
Síria,2011,0,0,Syria
Suíça,2011,0,0,Switzerland
Tunísia,2011,16420,37492,Tunisia
Turquia,2011,0,0,Turkey
Ucrânia,2011,0,0,Ukraine
Uruguai,2011,1264306,3481552,Uruguay
Não consta na tabela,2011,0,0,
Não declarados,2011,0,0,
Outros,2011,0,0,
Africa do Sul,2012,722327,3041449,South Africa
Alemanha,2012,113243,591167,Germany
Argélia,2012,0,0,Algeria
Arábia Saudita,2012,0,0,Saudi Arabia
Argentina,2012,14613839,55633562,Argentina
Austrália,2012,615334,2474783,Australia
Áustria,2012,8098,85116,Austria
Bélgica,2012,0,0,Belgium
Bolívia,2012,0,0,Bolivia
Brasil,2012,1051,15016,Brazil
Bulgária,2012,0,0,Bulgaria
Canada,2012,0,0,
Chile,2012,30258795,93315735,Chile
China,2012,0,0,China
"Coreia do Sul, República",2012,0,0,
Croácia,2012,630,16571,Croatia
Emirados Árabes Unidos,2012,0,0,United Arab Emirates
Eslovênia,2012,433,1223,Slovenia
Eslováquia,2012,0,0,Slovakia
Espanha,2012,2540209,11724946,Spain
Estados Unidos,2012,379329,1995929,United States
França,2012,3181440,21636175,France
Geórgia,2012,0,0,Georgia
Grécia,2012,68966,323206,Greece
Hungria,2012,10404,168862,Hungary
Indonesia,2012,0,0,
Irlanda,2012,0,0,Ireland
Israel,2012,8439,47579,Israel
Itália,2012,10506144,30750897,Italy
Japão,2012,0,0,Japan
Iugoslavia,2012,0,0,
Líbano,2012,5805,47826,Lebanon
Luxemburgo,2012,0,0,Luxembourg
Macedônia,2012,0,0,Macedonia
Marrocos,2012,450,3851,Morocco
México,2012,0,0,Mexico
Montenegro,2012,0,0,Montenegro
Noruega,2012,0,0,Norway
Nova Zelândia,2012,81611,790355,New Zealand
Paises Baixos (Holanda),2012,0,0,
Panamá,2012,0,0,Panama
Peru,2012,0,0,Peru
Porto Rico,2012,0,0,Puerto Rico
Portugal,2012,9714940,36190898,Portugal
Reino Unido,2012,406,26466,United Kingdom
Republica Dominicana,2012,0,0,
Romênia,2012,33750,85321,Romania
Rússia,2012,0,0,Russia
Síria,2012,0,0,Syria
Suíça,2012,0,0,Switzerland
Tunísia,2012,19913,42918,Tunisia
Turquia,2012,0,0,Turkey
Ucrânia,2012,0,0,Ukraine
Uruguai,2012,1323884,3735892,Uruguay
Não consta na tabela,2012,0,0,
Não declarados,2012,0,0,
Outros,2012,0,0,
Africa do Sul,2013,475331,1985184,South Africa
Alemanha,2013,114866,414070,Germany
Argélia,2013,0,0,Algeria
Arábia Saudita,2013,0,0,Saudi Arabia
Argentina,2013,12732815,49524694,Argentina
Austrália,2013,553190,1703815,Australia
Áustria,2013,56849,227204,Austria
Bélgica,2013,0,0,Belgium
Bolívia,2013,0,0,Bolivia
Brasil,2013,473,5747,Brazil
Bulgária,2013,5947,21988,Bulgaria
Canada,2013,0,0,
Chile,2013,28288212,90281256,Chile
China,2013,0,0,China
"Coreia do Sul, República",2013,0,0,
Croácia,2013,0,0,Croatia
Emirados Árabes Unidos,2013,0,0,United Arab Emirates
Eslovênia,2013,2192,25307,Slovenia
Eslováquia,2013,0,0,Slovakia
Espanha,2013,2772104,13570874,Spain
Estados Unidos,2013,518888,2817086,United States
França,2013,3265362,23336291,France
Geórgia,2013,33750,134202,Georgia
Grécia,2013,13241,71175,Greece
Hungria,2013,10911,140198,Hungary
Indonesia,2013,0,0,
Irlanda,2013,0,0,Ireland
Israel,2013,24622,97645,Israel
Itália,2013,8308831,30799292,Italy
Japão,2013,0,0,Japan
Iugoslavia,2013,0,0,
Líbano,2013,6588,75810,Lebanon
Luxemburgo,2013,0,0,Luxembourg
Macedônia,2013,0,0,Macedonia
Marrocos,2013,0,0,Morocco
México,2013,0,0,Mexico
Montenegro,2013,0,0,Montenegro
Noruega,2013,0,0,Norway
Nova Zelândia,2013,90728,840521,New Zealand
Paises Baixos (Holanda),2013,0,0,
Panamá,2013,0,0,Panama
Peru,2013,0,0,Peru
Porto Rico,2013,0,0,Puerto Rico
Portugal,2013,9299080,35729522,Portugal
Reino Unido,2013,127,2789,United Kingdom
Republica Dominicana,2013,0,0,
Romênia,2013,0,0,Romania
Rússia,2013,0,0,Russia
Síria,2013,0,0,Syria
Suíça,2013,0,0,Switzerland
Tunísia,2013,8000,20892,Tunisia
Turquia,2013,0,0,Turkey
Ucrânia,2013,0,0,Ukraine
Uruguai,2013,1372329,3740613,Uruguay
Não consta na tabela,2013,0,0,
Não declarados,2013,0,0,
Outros,2013,0,0,
Africa do Sul,2014,722715,3033932,South Africa
Alemanha,2014,115804,483316,Germany
Argélia,2014,0,0,Algeria
Arábia Saudita,2014,0,0,Saudi Arabia
Argentina,2014,13437321,53815956,Argentina
Austrália,2014,236742,1008851,Australia
Áustria,2014,2770,32116,Austria
Bélgica,2014,0,0,Belgium
Bolívia,2014,0,0,Bolivia
Brasil,2014,449,6011,Brazil
Bulgária,2014,15019,46857,Bulgaria
Canada,2014,1530,25958,
Chile,2014,35479279,113375484,Chile
China,2014,0,0,China
"Coreia do Sul, República",2014,0,0,
Croácia,2014,0,0,Croatia
Emirados Árabes Unidos,2014,35,1138,United Arab Emirates
Eslovênia,2014,4190,23377,Slovenia
Eslováquia,2014,0,0,Slovakia
Espanha,2014,2760797,12797753,Spain
Estados Unidos,2014,788773,4171731,United States
França,2014,3592782,27480375,France
Geórgia,2014,0,0,Georgia
Grécia,2014,24244,107195,Greece
Hungria,2014,18733,114610,Hungary
Indonesia,2014,0,0,
Irlanda,2014,0,0,Ireland
Israel,2014,7734,40372,Israel
Itália,2014,8566756,31697736,Italy
Japão,2014,0,0,Japan
Iugoslavia,2014,0,0,
Líbano,2014,47610,270145,Lebanon
Luxemburgo,2014,0,0,Luxembourg
Macedônia,2014,252,497,Macedonia
Marrocos,2014,0,0,Morocco
México,2014,0,0,Mexico
Montenegro,2014,0,0,Montenegro
Noruega,2014,0,0,Norway
Nova Zelândia,2014,106251,843533,New Zealand
Paises Baixos (Holanda),2014,0,0,
Panamá,2014,0,0,Panama
Peru,2014,3201,7906,Peru
Porto Rico,2014,0,0,Puerto Rico
Portugal,2014,9735153,37071142,Portugal
Reino Unido,2014,315,9410,United Kingdom
Republica Dominicana,2014,0,0,
Romênia,2014,4163,5629,Romania
Rússia,2014,0,0,Russia
Síria,2014,0,0,Syria
Suíça,2014,0,0,Switzerland
Tunísia,2014,0,0,Tunisia
Turquia,2014,0,0,Turkey
Ucrânia,2014,0,0,Ukraine
Uruguai,2014,1237537,3782282,Uruguay
Não consta na tabela,2014,0,0,
Não declarados,2014,0,0,
Outros,2014,0,0,
Africa do Sul,2015,743335,2996543,South Africa
Alemanha,2015,95171,358275,Germany
Argélia,2015,0,0,Algeria
Arábia Saudita,2015,0,0,Saudi Arabia
Argentina,2015,12465041,48043201,Argentina
Austrália,2015,395030,1261810,Australia
Áustria,2015,360,3891,Austria
Bélgica,2015,0,0,Belgium
Bolívia,2015,0,0,Bolivia
Brasil,2015,1359,12919,Brazil
Bulgária,2015,17244,51678,Bulgaria
Canada,2015,0,0,
Chile,2015,36686870,107684380,Chile
China,2015,0,0,China
"Coreia do Sul, República",2015,0,0,
Croácia,2015,2069,3779,Croatia
Emirados Árabes Unidos,2015,529,10093,United Arab Emirates
Eslovênia,2015,4640,24190,Slovenia
Eslováquia,2015,0,0,Slovakia
Espanha,2015,3024533,11396855,Spain
Estados Unidos,2015,775131,3848755,United States
França,2015,3617130,19353291,France
Geórgia,2015,0,0,Georgia
Grécia,2015,55680,190185,Greece
Hungria,2015,5117,74688,Hungary
Indonesia,2015,0,0,
Irlanda,2015,0,0,Ireland
Israel,2015,19028,55248,Israel
Itália,2015,8261383,25846195,Italy
Japão,2015,0,0,Japan
Iugoslavia,2015,0,0,
Líbano,2015,6480,56196,Lebanon
Luxemburgo,2015,0,0,Luxembourg
Macedônia,2015,0,0,Macedonia
Marrocos,2015,1755,15082,Morocco
México,2015,0,0,Mexico
Montenegro,2015,0,0,Montenegro
Noruega,2015,0,0,Norway
Nova Zelândia,2015,117340,950751,New Zealand
Paises Baixos (Holanda),2015,0,0,
Panamá,2015,0,0,Panama
Peru,2015,0,0,Peru
Porto Rico,2015,0,0,Puerto Rico
Portugal,2015,9952290,32547365,Portugal
Reino Unido,2015,90,1352,United Kingdom
Republica Dominicana,2015,0,0,
Romênia,2015,5950,7925,Romania
Rússia,2015,0,0,Russia
Síria,2015,0,0,Syria
Suíça,2015,1125,6284,Switzerland
Tunísia,2015,0,0,Tunisia
Turquia,2015,32247,109741,Turkey
Ucrânia,2015,0,0,Ukraine
Uruguai,2015,1399547,4069100,Uruguay
Não consta na tabela,2015,0,0,
Não declarados,2015,0,0,
Outros,2015,0,0,
Africa do Sul,2016,578829,1686226,South Africa
Alemanha,2016,158386,606333,Germany
Argélia,2016,0,43,Algeria
Arábia Saudita,2016,0,43,Saudi Arabia
Argentina,2016,14098009,45214862,Argentina
Austrália,2016,498515,1537834,Australia
Áustria,2016,1485,7551,Austria
Bélgica,2016,7,1090,Belgium
Bolívia,2016,0,0,Bolivia
Brasil,2016,183,2127,Brazil
Bulgária,2016,17777,55253,Bulgaria
Canada,2016,0,0,
Chile,2016,43400991,123183079,Chile
China,2016,108,213,China
"Coreia do Sul, República",2016,0,0,
Croácia,2016,0,0,Croatia
Emirados Árabes Unidos,2016,2175,35489,United Arab Emirates
Eslovênia,2016,14366,46972,Slovenia
Eslováquia,2016,1305,3878,Slovakia
Espanha,2016,3948614,12221512,Spain
Estados Unidos,2016,725420,2924715,United States
França,2016,3831566,15940341,France
Geórgia,2016,0,0,Georgia
Grécia,2016,6568,18637,Greece
Hungria,2016,8315,58756,Hungary
Indonesia,2016,0,43,
Irlanda,2016,0,43,Ireland
Israel,2016,12548,44277,Israel
Itália,2016,7936409,22216811,Italy
Japão,2016,0,0,Japan
Iugoslavia,2016,0,0,
Líbano,2016,10665,71374,Lebanon
Luxemburgo,2016,0,43,Luxembourg
Macedônia,2016,0,0,Macedonia
Marrocos,2016,0,0,Morocco
México,2016,0,0,Mexico
Montenegro,2016,0,0,Montenegro
Noruega,2016,396,253,Norway
Nova Zelândia,2016,50177,361030,New Zealand
Paises Baixos (Holanda),2016,0,43,
Panamá,2016,0,0,Panama
Peru,2016,0,0,Peru
Porto Rico,2016,0,0,Puerto Rico
Portugal,2016,10821232,29495190,Portugal
Reino Unido,2016,5,255,United Kingdom
Republica Dominicana,2016,0,43,
Romênia,2016,0,0,Romania
Rússia,2016,0,43,Russia
Síria,2016,0,0,Syria
Suíça,2016,6,245,Switzerland
Tunísia,2016,0,0,Tunisia
Turquia,2016,0,0,Turkey
Ucrânia,2016,5319,9679,Ukraine
Uruguai,2016,2215692,5099162,Uruguay
Não consta na tabela,2016,0,0,
Não declarados,2016,0,0,
Outros,2016,0,0,
Africa do Sul,2017,1138732,3241298,South Africa
Alemanha,2017,83289,315959,Germany
Argélia,2017,0,0,Algeria
Arábia Saudita,2017,0,0,Saudi Arabia
Argentina,2017,15461740,51770842,Argentina
Austrália,2017,354641,1246545,Australia
Áustria,2017,2655,24629,Austria
Bélgica,2017,4376,45221,Belgium
Bolívia,2017,0,0,Bolivia
Brasil,2017,845617,260135,Brazil
Bulgária,2017,35284,68234,Bulgaria
Canada,2017,0,0,
Chile,2017,51787643,145628860,Chile
China,2017,1000,613,China
"Coreia do Sul, República",2017,0,0,
Croácia,2017,0,0,Croatia
Emirados Árabes Unidos,2017,0,0,United Arab Emirates
Eslovênia,2017,0,0,Slovenia
Eslováquia,2017,21424,64828,Slovakia
Espanha,2017,7240535,19834451,Spain
Estados Unidos,2017,1372347,4110641,United States
França,2017,5921728,25280255,France
Geórgia,2017,0,0,Georgia
Grécia,2017,40775,139486,Greece
Hungria,2017,23813,168353,Hungary
Indonesia,2017,0,0,
Irlanda,2017,0,0,Ireland
Israel,2017,37302,120463,Israel
Itália,2017,11538990,33707111,Italy
Japão,2017,0,0,Japan
Iugoslavia,2017,0,0,
Líbano,2017,12737,93480,Lebanon
Luxemburgo,2017,0,0,Luxembourg
Macedônia,2017,0,0,Macedonia
Marrocos,2017,0,0,Morocco
México,2017,0,0,Mexico
Montenegro,2017,0,0,Montenegro
Noruega,2017,5,27,Norway
Nova Zelândia,2017,31379,248412,New Zealand
Paises Baixos (Holanda),2017,0,0,
Panamá,2017,0,0,Panama
Peru,2017,0,0,Peru
Porto Rico,2017,0,0,Puerto Rico
Portugal,2017,17345709,45032247,Portugal
Reino Unido,2017,16,1033,United Kingdom
Republica Dominicana,2017,0,0,
Romênia,2017,18509,52150,Romania
Rússia,2017,0,0,Russia
Síria,2017,398,269,Syria
Suíça,2017,138,2873,Switzerland
Tunísia,2017,0,0,Tunisia
Turquia,2017,0,0,Turkey
Ucrânia,2017,865,931,Ukraine
Uruguai,2017,5009098,7751966,Uruguay
Não consta na tabela,2017,0,0,
Não declarados,2017,0,0,
Outros,2017,0,0,
Africa do Sul,2018,1127053,3574371,South Africa
Alemanha,2018,142971,516975,Germany
Argélia,2018,0,0,Algeria
Arábia Saudita,2018,563,3249,Saudi Arabia
Argentina,2018,15221318,52817642,Argentina
Austrália,2018,3518,21664,Australia
Áustria,2018,513995,1567866,Austria
Bélgica,2018,163,1201,Belgium
Bolívia,2018,0,0,Bolivia
Brasil,2018,18040,121806,Brazil
Bulgária,2018,16166,17550,Bulgaria
Canada,2018,301,17418,
Chile,2018,51104825,144731210,Chile
China,2018,5,472,China
"Coreia do Sul, República",2018,0,0,
Croácia,2018,0,0,Croatia
Emirados Árabes Unidos,2018,0,0,United Arab Emirates
Eslovênia,2018,20976,68521,Slovenia
Eslováquia,2018,10800,17938,Slovakia
Espanha,2018,5595268,19353631,Spain
Estados Unidos,2018,548655,2584781,United States
França,2018,4653789,22688105,France
Geórgia,2018,8164,20416,Georgia
Grécia,2018,41601,135185,Greece
Hungria,2018,23742,113405,Hungary
Indonesia,2018,36,210,
Irlanda,2018,107,954,Ireland
Israel,2018,40354,182017,Israel
Itália,2018,10154564,34857594,Italy
Japão,2018,0,0,Japan
Iugoslavia,2018,0,0,
Líbano,2018,19742,150044,Lebanon
Luxemburgo,2018,5,42,Luxembourg
Macedônia,2018,0,0,Macedonia
Marrocos,2018,0,0,Morocco
México,2018,134,804,Mexico
Montenegro,2018,0,0,Montenegro
Noruega,2018,0,0,Norway
Nova Zelândia,2018,130854,686193,New Zealand
Paises Baixos (Holanda),2018,283,8719,
Panamá,2018,0,0,Panama
Peru,2018,77,653,Peru
Porto Rico,2018,47,404,Puerto Rico
Portugal,2018,17698831,53237413,Portugal
Reino Unido,2018,4126,51034,United Kingdom
Republica Dominicana,2018,2,13,
Romênia,2018,13719,9695,Romania
Rússia,2018,17483,66160,Russia
Síria,2018,0,0,Syria
Suíça,2018,559,7647,Switzerland
Tunísia,2018,0,0,Tunisia
Turquia,2018,1591,1245,Turkey
Ucrânia,2018,0,0,Ukraine
Uruguai,2018,2836574,8467846,Uruguay
Não consta na tabela,2018,0,0,
Não declarados,2018,0,0,
Outros,2018,0,0,
Africa do Sul,2019,1092042,3604038,South Africa
Alemanha,2019,101055,412794,Germany
Argélia,2019,0,0,Algeria
Arábia Saudita,2019,0,0,Saudi Arabia
Argentina,2019,16548931,54527380,Argentina
Austrália,2019,16292,1214643,Australia
Áustria,2019,348289,128379,Austria
Bélgica,2019,7,30,Belgium
Bolívia,2019,0,0,Bolivia
Brasil,2019,29295,246008,Brazil
Bulgária,2019,10944,9915,Bulgaria
Canada,2019,0,0,
Chile,2019,52697108,145471294,Chile
China,2019,317,2458,China
"Coreia do Sul, República",2019,0,0,
Croácia,2019,450,2900,Croatia
Emirados Árabes Unidos,2019,0,0,United Arab Emirates
Eslovênia,2019,30968,101190,Slovenia
Eslováquia,2019,459,3160,Slovakia
Espanha,2019,5797980,17111436,Spain
Estados Unidos,2019,534870,2400830,United States
França,2019,5324383,24299524,France
Geórgia,2019,21748,41161,Georgia
Grécia,2019,21251,70881,Greece
Hungria,2019,34591,146500,Hungary
Indonesia,2019,258,1464,
Irlanda,2019,179,1705,Ireland
Israel,2019,52237,182602,Israel
Itália,2019,10323254,33355982,Italy
Japão,2019,153,1429,Japan
Iugoslavia,2019,0,0,
Líbano,2019,21836,167358,Lebanon
Luxemburgo,2019,0,0,Luxembourg
Macedônia,2019,1323,874,Macedonia
Marrocos,2019,2250,16816,Morocco
México,2019,646,3927,Mexico
Montenegro,2019,1701,5440,Montenegro
Noruega,2019,0,0,Norway
Nova Zelândia,2019,133179,776830,New Zealand
Paises Baixos (Holanda),2019,634,5297,
Panamá,2019,17,96,Panama
Peru,2019,0,0,Peru
Porto Rico,2019,21,115,Puerto Rico
Portugal,2019,18228699,51444189,Portugal
Reino Unido,2019,4819,46623,United Kingdom
Republica Dominicana,2019,0,0,
Romênia,2019,5196,6706,Romania
Rússia,2019,0,0,Russia
Síria,2019,641,409,Syria
Suíça,2019,4510,63619,Switzerland
Tunísia,2019,0,0,Tunisia
Turquia,2019,0,0,Turkey
Ucrânia,2019,4646,3074,Ukraine
Uruguai,2019,2778244,7938059,Uruguay
Não consta na tabela,2019,0,0,
Não declarados,2019,0,0,
Outros,2019,0,0,
